-- phpMyAdmin SQL Dump
-- version 5.2.1
-- https://www.phpmyadmin.net/
--
-- Host: 127.0.0.1
-- Generation Time: Mar 16, 2025 at 10:43 AM
-- Server version: 10.4.32-MariaDB
-- PHP Version: 8.2.12

SET SQL_MODE = "NO_AUTO_VALUE_ON_ZERO";
START TRANSACTION;
SET time_zone = "+00:00";


/*!40101 SET @OLD_CHARACTER_SET_CLIENT=@@CHARACTER_SET_CLIENT */;
/*!40101 SET @OLD_CHARACTER_SET_RESULTS=@@CHARACTER_SET_RESULTS */;
/*!40101 SET @OLD_COLLATION_CONNECTION=@@COLLATION_CONNECTION */;
/*!40101 SET NAMES utf8mb4 */;

--
-- Database: `kriptonesia_app`
--

-- --------------------------------------------------------

--
-- Table structure for table `cache`
--

CREATE TABLE `cache` (
  `key` varchar(255) NOT NULL,
  `value` mediumtext NOT NULL,
  `expiration` int(11) NOT NULL
) ENGINE=InnoDB DEFAULT CHARSET=utf8mb4 COLLATE=utf8mb4_unicode_ci;

--
-- Dumping data for table `cache`
--

INSERT INTO `cache` (`key`, `value`, `expiration`) VALUES
('laravel_cache_passw@gmail.com|127.0.0.1', 'i:2;', 1741461257),
('laravel_cache_passw@gmail.com|127.0.0.1:timer', 'i:1741461257;', 1741461257);

-- --------------------------------------------------------

--
-- Table structure for table `cache_locks`
--

CREATE TABLE `cache_locks` (
  `key` varchar(255) NOT NULL,
  `owner` varchar(255) NOT NULL,
  `expiration` int(11) NOT NULL
) ENGINE=InnoDB DEFAULT CHARSET=utf8mb4 COLLATE=utf8mb4_unicode_ci;

-- --------------------------------------------------------

--
-- Table structure for table `categories`
--

CREATE TABLE `categories` (
  `id` bigint(20) UNSIGNED NOT NULL,
  `name` varchar(255) NOT NULL,
  `slug` varchar(255) NOT NULL,
  `created_at` timestamp NULL DEFAULT NULL,
  `updated_at` timestamp NULL DEFAULT NULL
) ENGINE=InnoDB DEFAULT CHARSET=utf8mb4 COLLATE=utf8mb4_unicode_ci;

--
-- Dumping data for table `categories`
--

INSERT INTO `categories` (`id`, `name`, `slug`, `created_at`, `updated_at`) VALUES
(1, 'Dasar-dasar Crypto', 'dasar-dasar-crypto', '2025-03-15 13:07:22', '2025-03-15 13:07:22'),
(2, 'Analisis Pasar', 'analisis-pasar', '2025-03-15 13:07:28', '2025-03-15 13:07:28'),
(3, 'Berita & Update', 'berita-update', '2025-03-15 13:14:02', '2025-03-15 13:14:02'),
(4, 'Altcoin & NFT', 'altcoin-nft', '2025-03-15 13:14:11', '2025-03-15 13:14:11'),
(5, 'Keamanan Crypto', 'keamanan-crypto', '2025-03-15 13:14:34', '2025-03-15 13:14:34'),
(6, 'Airdrop Event', 'airdrop-event', '2025-03-15 14:12:22', '2025-03-15 14:12:22'),
(7, 'Review & Rekomendasi', 'review-rekomendasi', '2025-03-16 01:19:23', '2025-03-16 01:19:23');

-- --------------------------------------------------------

--
-- Table structure for table `failed_jobs`
--

CREATE TABLE `failed_jobs` (
  `id` bigint(20) UNSIGNED NOT NULL,
  `uuid` varchar(255) NOT NULL,
  `connection` text NOT NULL,
  `queue` text NOT NULL,
  `payload` longtext NOT NULL,
  `exception` longtext NOT NULL,
  `failed_at` timestamp NOT NULL DEFAULT current_timestamp()
) ENGINE=InnoDB DEFAULT CHARSET=utf8mb4 COLLATE=utf8mb4_unicode_ci;

-- --------------------------------------------------------

--
-- Table structure for table `jobs`
--

CREATE TABLE `jobs` (
  `id` bigint(20) UNSIGNED NOT NULL,
  `queue` varchar(255) NOT NULL,
  `payload` longtext NOT NULL,
  `attempts` tinyint(3) UNSIGNED NOT NULL,
  `reserved_at` int(10) UNSIGNED DEFAULT NULL,
  `available_at` int(10) UNSIGNED NOT NULL,
  `created_at` int(10) UNSIGNED NOT NULL
) ENGINE=InnoDB DEFAULT CHARSET=utf8mb4 COLLATE=utf8mb4_unicode_ci;

-- --------------------------------------------------------

--
-- Table structure for table `job_batches`
--

CREATE TABLE `job_batches` (
  `id` varchar(255) NOT NULL,
  `name` varchar(255) NOT NULL,
  `total_jobs` int(11) NOT NULL,
  `pending_jobs` int(11) NOT NULL,
  `failed_jobs` int(11) NOT NULL,
  `failed_job_ids` longtext NOT NULL,
  `options` mediumtext DEFAULT NULL,
  `cancelled_at` int(11) DEFAULT NULL,
  `created_at` int(11) NOT NULL,
  `finished_at` int(11) DEFAULT NULL
) ENGINE=InnoDB DEFAULT CHARSET=utf8mb4 COLLATE=utf8mb4_unicode_ci;

-- --------------------------------------------------------

--
-- Table structure for table `migrations`
--

CREATE TABLE `migrations` (
  `id` int(10) UNSIGNED NOT NULL,
  `migration` varchar(255) NOT NULL,
  `batch` int(11) NOT NULL
) ENGINE=InnoDB DEFAULT CHARSET=utf8mb4 COLLATE=utf8mb4_unicode_ci;

--
-- Dumping data for table `migrations`
--

INSERT INTO `migrations` (`id`, `migration`, `batch`) VALUES
(1, '0001_01_01_000000_create_users_table', 1),
(2, '0001_01_01_000001_create_cache_table', 1),
(3, '0001_01_01_000002_create_jobs_table', 1),
(4, '2025_03_05_131458_create_categories_table', 2),
(5, '2025_03_06_153628_create_tags_table', 3),
(7, '2025_03_07_055249_create_posts_table', 4),
(9, '2025_03_07_064736_create_post_tag_table', 5),
(10, '2025_03_07_130322_create_soft_deleted_posts', 6),
(11, '2025_03_08_182206_create_field_users_post', 7),
(12, '2025_03_08_184449_create_field_users_role', 8),
(13, '2025_03_15_142053_create_trade_signals_table', 9);

-- --------------------------------------------------------

--
-- Table structure for table `password_reset_tokens`
--

CREATE TABLE `password_reset_tokens` (
  `email` varchar(255) NOT NULL,
  `token` varchar(255) NOT NULL,
  `created_at` timestamp NULL DEFAULT NULL
) ENGINE=InnoDB DEFAULT CHARSET=utf8mb4 COLLATE=utf8mb4_unicode_ci;

-- --------------------------------------------------------

--
-- Table structure for table `posts`
--

CREATE TABLE `posts` (
  `id` bigint(20) UNSIGNED NOT NULL,
  `judul` varchar(255) NOT NULL,
  `slug` varchar(255) NOT NULL,
  `category_id` int(11) NOT NULL,
  `content` text NOT NULL,
  `image` varchar(255) NOT NULL,
  `created_at` timestamp NULL DEFAULT NULL,
  `updated_at` timestamp NULL DEFAULT NULL,
  `deleted_at` timestamp NULL DEFAULT NULL,
  `users_id` int(11) NOT NULL
) ENGINE=InnoDB DEFAULT CHARSET=utf8mb4 COLLATE=utf8mb4_unicode_ci;

--
-- Dumping data for table `posts`
--

INSERT INTO `posts` (`id`, `judul`, `slug`, `category_id`, `content`, `image`, `created_at`, `updated_at`, `deleted_at`, `users_id`) VALUES
(1, 'Apa Itu Cryptocurrency? Panduan Lengkap untuk Pemula', 'apa-itu-cryptocurrency-panduan-lengkap-untuk-pemula', 1, '<p><strong>Definisi Sederhana Cryptocurrency</strong></p>\r\n\r\n<p>Cryptocurrency adalah mata uang digital yang menggunakan teknologi kriptografi untuk keamanan dan beroperasi di atas <strong>blockchain</strong>&mdash;sistem terdesentralisasi yang tidak dikendalikan oleh pemerintah atau lembaga keuangan mana pun.</p>\r\n\r\n<p>Berbeda dengan uang biasa (fiat) seperti Rupiah atau Dolar yang dikeluarkan oleh bank sentral, cryptocurrency hanya ada dalam bentuk digital dan bisa digunakan untuk transaksi, investasi, atau sebagai alat pembayaran di platform tertentu.<br />\r\n<br />\r\n<strong>Perbedaan dengan Uang Konvensional</strong><br />\r\n<img src=\"data:image/png;base64,iVBORw0KGgoAAAANSUhEUgAAAuAAAADHCAYAAABY6OauAAAAAXNSR0IArs4c6QAAAARnQU1BAACxjwv8YQUAAAAJcEhZcwAADsMAAA7DAcdvqGQAAGE9SURBVHhe7b0PfFXVuef9s3Vu6O0kqX0RvK+x6QcaotGEeEuE6aC0rxDLlcQLnpjwZyIQQTsSsC3U2kPghXA6orQDibaS2wyaC0LIUWpAKYGOhjJ3ENoaEokceGFIL85Aa9+a9HqF0b7nfdbaa5+z9j77/D85SeD5+tly9l5/9lrPWutZz37W2jvX+QkQFy5cwAcffICPPvoI6hLDMAzDMAzDMAlw3XXX4fOf/zxGjx6NnJwcddXguo8//th/6tQpeZKVlYWMjAyZgGGice7cOYwbN06dMQzDpBfWQQzDDGc+/fRTfPLJJ/jTn/6E66+/HrfeeitGjRolwz4jjG9hdI8ZM0ZeZOObYRiGYRiGYZJDGN2f+9znpI39b/7Nv4Hp8BZ8RvwvOztbnjAMwzAMwzAMkzqEIZ6ZmSk94mLLt+AzYtsJwzAMwzAMwzCDgzDCb7jhBvm+peAzYvsJwzAMwzAMwzCDh9iGIj52IvgM7/lmGIZhGIZhmMFFeMHNLw3KPeAMwzAMwzAMw6QHNsAZhmEYhmEYJo2wAc4wDMMwDMMwaYQNcIZhGIZhGIZJI2yAMwzDMAzDMEwaScIAP4vN994q/6zmyjfVpcGmbxvup/vd32x8xJwZuQz8ZgdWuqZiIrWn6EO3TpyK2teMb2MyDMMMJhea7ye9cz+29akLinDX00MnVgpd+GSnOifObcMcce1b+zCgLo00zr64EFNdL6D3L+rCYBKLjfCXs9jmuhVzms/SyQVsK1NzkHbI9CJezVTM+UmvkS5OzjbPwa33bk5PvZkRSeIG+Lt74X2/GMVfBfa9ug9X1GWGicbZF6tw1/x67LuYg7JVm9C4eROenHs7Mv58WcUYDHqx4+H7cdcabXJjGIYZrvylC/VVG9GbNQtbN87CyPyTeVdw4XQvPvjdBfxhmBgJvQ2PYuOVJ/DswvHqCjF6Fuo2N9JcZBx137iRin4BZ3s+wIULf4jJvvngcD3mTK0KPLyNr2nAk3/9ApY3JGbAM1c/CRvgR1/Zhg8mu7Bp3jTg4F4c/FcVwDCReHczHn26C1kPNOJY5y5sqJmFGd+chUXf34pNC3JUpMHgD3jn7bMY4CdFhmGGPQPo/MFS7BgowJO7NmHaiP2D1RmY9sNjOHVsA6b9tbo0lPzrPvx06wXMeGwRxn9WXRPccDumfXMGzUXGMWVcBvDX07Dh2Ckc++E0qkV0Lp85it4P/qzOBDmY99gMXNj6U+xj+4hxIDED/C9HcfDVK5hy/9eRM5k6Kzrh3advH7iCs9trMX2iWtKZOB2bT4jr5hLbQRk+9XYRPhFz1hzEB4FlmgF0NQfTTryvFt5zKsjGwJsrcRfFMZaSmJFA5z++AFJ/WLN2BrJ0BajR+aRo+5V4YfejmCqXA89hX63oR/U4qi3nHV03MXDNTHPwzA7Ufl31ndmrcfAiRZTLko9in0j02qMyzNw29cHBjVh4H+VD10RfnF67DV36Wu+VCzi4Zg7ukn2Vjq9vRhddNu8X9Kfblo/NpdBnd2Dj36m4TtdE3IEubKudrrbjiDJ4cVbV07yP98RmVKkxMVULFwz8ZhtqtTrUvvY/o8qLYZhoXEHv7pWYc5cx7uRc9fTRwFaQ6GPTmMuMec4Ie+G7Rppo63AXXlyIR18DZv30RSwapy5KKM/tWpluv8syf5pbaF74p31YGdCDG3FUFroL9aKcD3sRnK3VtVq1in3xIFa77grmHaivqd+86GqoMnTV7VNRuzs4914RulfXpQ1CUzroStJ3O57UdOpdc7D6YLBEUeV6sRMbHzb1JR1fD28jhPD2WziIabjvG7GY1PYtQR+g8+mFQbtGq78o8/Rnxe+z2HgfhZVto3mOHj++6cIsuuPeN9nzw4SSkAF+5Rc7sONKMWbcMxoY/XXMmiw84geCg/o3z2DOhoPIWPAiDh05hBeX5+DK/6vCBL9wo/58OZp+/ioaF4wnJVeLh1809mydbV6Iqmffxm1rX8eRX5LyySSFUFWPLrvRcG4bFn6LTKoHtuLFGm0piRnGXMA5sRqX97cojuoN2Yf/8hsX3jh5Cq/XjJNeCVzx4uCvVfBf6KFv5xXk1MzDlIAhfxDup8+h/LnX8erm+Rj/nhe1S0gR5szDziObyOwnvrkJR44cwZqv0TxAD3B/Rwb3ha9+Dy/uPYRXf1hGWWxE1WJDecr9gfOnk5IdQOnqF/H6L1/FhntGIZ6NMmebX0H2lhM4dWoTqX2Ha2Kf4eIqbHz7NtTtPYJDLy1C1sHVmPufjMnLYB82P5+NJ954HVsXFNBDw2rUv2KMtiuHV2P6/I14O2cRGr2H8HrTIuTg/4tRXgzDhOcPeOc3ozDvvxwinfE6NszIQC8Zxust7zyFH5sf7F5Oc9lBjHpgA1795evw5JFOe10GRaZ3C5Y/3Yvx39mJTd+wur7l/LjhMLIWNMo8tz5agAs0f/5dXae2TeIsNm84ivv+gXTa2hnIeG8bHpXGcDHm1eSQEboPb5mT9W/2wnslA/MXzELGABmc5WTMYh5e/OURvF4/WT4ILN8dNI7x2mb89PNP4PW9WzH/tg9wcE09vDK4C8+46nHwr4y0h156Ajn/2i+TWFD6rv7NLMz70as4RPk8VngB3tq/w+rDupEaXq44fRTnvlqHV0mPH3rpMRSIh4YVps6OzNkz79H8MyV0/jmzEdNNg54O5/faTuLouWLUeY9I2+QxWf/lcsvJFPcR7HpU2CHj8VgrhbfMIz1MfHY8br+DUp5mJyETSgIG+BUc/MVB6sT3YdpN4nw0vj6jGDjxMvY6vLgy6q9zMKXmRTx5j7oguHUFNq2egYK8AsxYvQGPkR1/dv9BGkCd2PZsLzLmNqBxzniMvnkKnnhqPimGHfD+N5VW8Jf38MKKjei940ns/OG0Ebo3jonMFHxvVdBLnvHN+ZifcQXeXxw1LhzeSyq6GIse0h++bsMKTx1m3DEeBd+sw4ZHqWOd2YuDFzOQNTrTWEbMyMTo0aORlXEBrzy/DwM3P4atP5yPKXk5KJizAbtWU19+txnedynub7ZhM/077YdkeM+dgvE3F8C1/jEqWexkLFiDx/Ks3hbLtf+2DRvfpQmwsRGuvNHImfwE1izIwMB2r+YlK8a31i/ClJvHY9pT38IsunL0Nyfp/x9gb7MXA6MXoanpCap3Dsbf8wSefCAnRnkxDBOeHMzfuAEuGlejR4+Ha+W3yLwC3junm3rhxuYF7N1NY0/qFxcKRPjyrVjzDZkoMn8zDuNoUjvbcdiy0iU8smJ+xIw12Lqc5k+Z54tomEv64tWXtW2gpE/WbsAModPmPoHF42jWfvsdaaCOnzmLanUUB982jN2u/V5cyXBhxiQq8atbsG+ADMznnqD6jMb4OWvxPeFc2703aNxO/BY8NVOQkzcNdY/K2uJojxEU4LOZpMcW4cVVpstBQ+o7qsLarXjimwUynyeaGkhXDcC786D2EBFOrsQ9T1L9p2E86XGhL1c8QNfOnKTHjuhcOEuxCsYZxrGObQ/44tvUdQvT8CTp2Wmkp6Vt8rgo1VmcPEcSz6JryhDJ/gL9vsHU+TkYR53mg4t/UOcMEyR+A/wDemIm+1t/Ypy6QTxdn8WO19QQ+OoKvETGU794+/lvxfLRDpz91AiSfJkUmvoJMp+zb6B/xMjrO4d3xM+dCwNPorfO3yGDLmuK6A8t67D5TBYWPWXbx8UMc27EjULz/e4CLthXNEIYjRuDnYSU+hTpvbny6kFjy8kv9tFkUIb75EOgSQ5ytPOsrGz6P/Ueve8FOIuzwsiedKecVE1G3ywK+AEukL680PMOpR6PKV9N/BEv52/0Shjo1y6ckT0eOx4Oel+qtsseL8MNtHp99q/UD8FJdL1N//z7KSi2j4OY5MUwjM4VqZfIeLpenuHCLzZj5cP3Y+rX78Kt9210MPLCjU0n/ZKBzFhUyQ1l8GxyIevdjZj7g87Alhe8fw5iAXF8cbFlT3JOjtBZF/CHgI2n68EMZOi6IW8BFk0kfbBPGLtd2NsWXBU7+57IvQv1auvKrbdOxWqhX4JWsXXuljIyKcaKlicx48/bsPDrE+W2kB3n9IQGF+QS6Hj87R1aDT5L5f0S/UtKN2imhpMr8acu7Hj6Ucz5+lRMnXir3KqTNLY94AVOevIvYvvPRjzqovtOpTqKFXiGSYK4DfAPfuGlZ94czFobfFps3FyHWTfT+KEnZTG8hFFdXNOII90n8PoPZ+B/H6zHo1s11TXw5+CY/gsZY7+jf7+YiVG543An/cyau1VuE9APsWXA5MbqtXjyjgFs+9bC2Pd+McOADMyYJbZG7EA99YdQ9RyZ8Q8tQrHYVnF4H7ykdGdUu7QHOcGf8WftZZcLF4Tf5kZkft44tzIe4++gf379jmVS/eB96SfC7eNoChhXQL/P4rfvOpRUTmra/f7yv9WP+MjJkz0e85us/f3IkTUxeNqd62ASXV4Mc21y403CaD2LA7/StlfQg/fRX9JIyrgTd9J8duX1lZj+xDb8ecaz2OV9A8f2PqkZ09EgA1Ls3e49F/Qeiwf78+pnFDLu2YCdqwow8NqjWGi+43TzOEiN1NVl0Z2GnrsN40Lcuk6Mxn1lxcCbB3DwTbH9JLgqNv42kfsU1B2w6SJzO0UUsiYuQuNbp3DijQ2Y8a8HUf/YT0P0kqNONW0AJ890CGex2VWF+v+WgxX/8HP8/K0TaBQe8Bi58SbSgJY2iZ2zz8+R239ylr+En//8VzjRKDzg0biAc6JLZQpnEMNYidMA/wAH9naRIpiFb80NPi3O+OZ8PDFPrLNswyu/oWiHN6J2Zy8u/OnPyLg5h0wgG28+jeXNR3Hh/V5461ZjB43FGQ+VkWqYghlzsjCwsx6bD/9e+gAvX3wLzQ1vYUB/5P/sbVj0X7ZiFj0KrK5aiU79pTlmWJNx/5PY8O+zcLbhfkz8u0exeedBHPzFPmxbsxC126OoxZvug2vyFXifXI+DGfMx/5t6pxB04mmaMI+SEd376mqs3ik6lgtlyuocJf7Xexid7x5E54kclD1EJu77L+DRH+zA0TOU5hf1WCpWcyYvQlkuxf33LszPAg5+bw7ldRRnRX9d8wL1OuD2YmEed2LzhoPy+o4n3EjIHzJpBlxZA9jh2Yy3Lsoej98fbqb+P2DxcjkTrMPDSzfj4LsXcPbwZmx8TckxqrwY5tok4xvzaNwBXRv+HlVP7yAdtAMb5/896k+QHfhtenClOH/4w/tG5L/KwKgrv8fehlCDMjzjaV4kc/LMRiwnHdF7phcHNyyT+ceK/IwdPWD3PjtX7Y+eBtcCoZDW49EGyvP9szjaXIvlpOeyFizAtBhXg0fPobg4iJ/++CiuaKtiOd8oIwP/KLas346TfxJX+nHytXXw9sSiNzqx8YkdVKYP8OcMevgYqy7bMXXqOtL9vyAb4cxRbHtiOdkAWZj/kMOWlRAu4APZLH+FjL+mEvY8g5/G4QEfP+F2uV3lvagrsKFcuGjo1b/KIHn86R08s9Wm8T8r5HQBR3/Vi6MHOw0j/y9ncfJdeqy503FPC3ONE58BfmY7tpECyXmgLMQTkDPdRddost9H5smN2Xj/P8/B9KlTMX3xK8h4qBG7HtdS3P8tlJ1eien3kmHz2mXMWP06Nt0vOm8GptW/gcaHstBRp9LPfwHv3fSVUCM+axo27XoSBQP78Ojibba9cszwJQeupkPYtXoWCj7oxAvralH7xEps/q8DGPMlaSJHYDQZnDNwZYCM0zkzHF4mpAfDB05iZel0zPmBF5dn1OH1TbOUITsNi9ZPw+gzO/CoayUOf0S5PbQVhza7kHWoHgvLKM139wLUVw81KU/xZ4tRd2ArHpt0BXvXLcT91F+f6RX+akr7YB02zBiNC6/W4v7SpXjnmyvkPsW4EZ+6am+EK7MDq13TMXXqdMzd+h5yckN6vCOiDq//cBbGdL2AWkp/f+0+mgBNOUaTF8Nco6hxt2jyKLz3Yj3poHpsOzMGs1bvwosLDT9szpzvYRHZTZ1r7sfUv1uPP3zjwTg84GTsPb6L5rIC+cWvOX+/FO1/831skN7aaHrOJMdwNNEDunelWzqaip8i3blqMi6Q4T3n3vuxsOE9TF61C4eeEo8MMfLXM1A2Azh75qx1VSx3EV5sfRKTL2zDo2Vim8X9WLU/g3SRCo/Ijci+sIXKROnuXYhXMlxo3PFEqLykTt2FJydfIMOb5viyhdh8ejKe3HEIdV9VcSIi9PgMjBYfYaB7Pfz6nXjwfhUUAxn0kDED+9D+C30NITamPbIBM246i20Pk55eshd3/r1V48v+Mu4KOjfMwUL1UYkrv/DS3UjeMX11hbnWuO7999/3q99pQHzW51Hse2ArTm2M5WmXGc6cO3cO48ZZvpE16Ay8/iju+u5ZPLb3EJ7IUxcJ8RmoR1+bha3a10aY8PJimKuBodBBCfOXLmycVoVtNz2JQ17xtSJmKOj9z9Mx57/Ox6G9g90G4q9sTsdPJ+/CMfFyP8MohN6aOnVqIl9BYZgh4F8H5PaK5es6gcmPYQEbk5FheTHM0HJ4Ix5t2IejZz7AhXcPYvPSpdj2ATBt0YNsfA8hBcu34smMjVg+yH8/5Gzzcmy8NB9N8axOMNcUbIAzI4LOdXfh/qUv4P+Z/CR2NfLLhNFgeTHMEHNjNv6w242FZVMx3VWLbb4cuDYfQsP9YhMbM2R8djwWeU/h1UH++yHja17FqWN1oV+oYhhFmregMFcTI2r5l2GYqw7WQQzDjDR4CwrDMAzDMAzDDAFsgDMMwzAMwzBMGmEDnGEYhmEYhmHSCBvgDMMwDMMwDJNG2ABnGIZhGIZhmDTCBjjDMAzDMAzDpBE2wBmGYRiGYRgmjVz3q1/9ir8DzjAMwzAMwzBpQHwH/Do/oc4ZJi5Onz6NCRMmqDOGYZj0wjqIYZiRhqm3eAsKwzAMwzAMw6QRNsAZhmEYhmEYJo2wAc4wDMMwDMMwaYQNcIZhGIZhGIZJI2yAMwzDMAzDMEwaYQOcYRiGYRiGYdIIG+AMwzAMwzAMk0bYAGcYhmEYhmGYNMIGOMMwDMMwDMOkETbAGYZhGIZhGCaNxG+A769BVlaWdoxB4fxGHOtX4UPBuUaUUFlKtvSpC8ywRbWVtQ9loWa/Clf0bSlB1pRGxNaiHahxyCNW5L2WdqgzJ/rQOGWk9C+jrEKmJVu2xyQXq6yFLEvQeE6eaIwkGTBMFMQ8ZtMvHUvFuKmhETDMsOhMp7HpjKiPdbwaejKyrjNJTqdKpK2gyTNgO9A1WadodbGVwaHNJDHllQhBXWo57PKL8/6yn8XUBg6EkwEzMvHHyxuL/ZmZmf57V7/mf+3V1/y7N8zy59B55rzd/o9VlOQ44d96/yR/Tu0BdR4DZxv8k6gMkzafVxeYdODz+dSvOJBttdhvaV3VfplL4mjziBzwL86c5G84q06jcH7zpIj3tocfWDJ8+1q0ukQnkuzikyvDDDYJ6SCBmMcmN/jNUSzHjXYeN056LSXYxpyt3JGw6qnz/obJ6dRbdl2RAt0Rqe5xyCV2DJktfkOdSoxrmSls67jmk0GpJ5NuTL2V8BaU3K+Vo3x2OSrcz+F7BXThwkVcMoKS5CLePuxD/2V1ylz9jKvF8QEvKna5B8GLkSwdWF8HeL5fqs6HN76TPuTfnq/OUk0pKqt8aNnL/hfmKmJ/DQrriuA9WotcdWl4UYT8cepnfjECo1t4XmP0hnYsLYS7yIvjK9JTw74tbrRVeVBrlvucD916PVLNzEpU9LagPZb5Iw65hZKL2qMD8Fa1wc2rgUySJL0H/HL3buzuBaYteiiovPqPoXF+IcbIJRuxRaUFvk+NILncnVWCZ99sQ81txpLOmKludIotLHIpx4U2EXGXS4aJ5afQpcHIS2n9pFBvofC7t/jUFWb4YzPuQpbaVJvLowSN+0VfMfuEsVQolyoDfcgHdzHFDeShp9evR2F/K9oKqlEuJw7jPq5dZOjWFRrlkArfvlRpW3ale3XIfq/C9X5r1lP8a4bbymaMGRVGh/OysFPZNLlIrDIILE+HyFpDlcvMo3R2BXw7253jMsxIQ+iLSsA70EwaSMc2ph3GbKOcl2hsbKDzYjdpnDa49Lj6mKbDsh1E6qlgmPOYFgi9SPnKPGn80n2K1sb3oCD0hwteDDTZnQg2nWiZY626w9ymZ8zFxhF+O1of2nf6UDFb3U/IIUQ+4t7BbRtWHeeg1x2w2gXpdQ5Y9aC1Lma5zfrU7Heoq5SBES+u+YS5qkjYAG+rNDrHmKlN+ILbi58tGGsEfOpDY/l0uA9PxKajZ9CzrxZf2LsM039wzAiX+FC/qhMPvNKDIz8uR0Z3Iyo8FP6lJTh0phnlIsrsZpw5cwY//oZMEDunGzGrkkz4Ki/2rRgsTyAzGAjPrfDghiIUmAtoHcDAgDi8wDqh0B0wvenIh6eL4ppeLTKk9fQVvW6sDzvpBek73Q0U5asJz/R+UFnreyif44aH51w7uuaKc5F3DzwFNu8I3cstJkAR3uVBPj1cWiYVCi/cU6nSU/5FdG5O4qSM209Wo0eF9dTno22dk7EcpmwaHUtd6JZhqpwTVEA4xMRZ2S3l2DxTXRMeuN4uZ9kzzIiiBa7iFlR3ORnfhWjRx3R36Jjtmm2MyebVzca4Jq3jFfGVoduxRxj2RpyBVjLY6tYHDct5ZEhr+oieAcIiV7SkQ8oYv4Gx6KNxGNBNYdjpQuFO0h+OxreuD4Ru6YYr3IO4gMrQqups1MelGZ06PnT15qPYnH5nOssnAD2MuMQKhCrHQGskaRgI49vV7SG9GGy78PPHIBBWD9r7zgAq9yinYggJzifMVUPCBvhdK7Zj+0t0/Pg+XNzoQt69auC+2Qj3O6OwdMd2VBeMRe49dfjRY6PQ/0KL9hRH4T9+DuUFuSh6pA7LyRC4fPht9F0/Ctljs5EhomRkY+zYscgeJRPExqcn8Gy1Gyfu9ODQT0qRrS4zIxzphfZgjTnxCMX1slDocUCTQGDikt4SoPt0bEot6pYOMvqbA0u7uSifa5sIqOxeM5zieuz3pnB9giz9vjDSW9V4obo2BT1euWXVSRnAwXLlonRmhKnbJzyDwvi2GfLj8lGEbvgcJ16GGUH00lHg4DUlA6iltwIebUzXrq1A2x7ND2nRR86UNmmGvdgiYRs3QR1QSmNR/bQhDM3Ck56AMec5WRhYrRLOgWi6SYz2fKetGUqnBvQSkbvCE3kbR5U3qENnriHDkAztsIoo3u0mmmxmkjzUTyd8wqMvjG/blqHcCUWUjS/MA4TmVRbeeOH0UB7mlL5YHtJ3RD8QDqE4iDafMFcNSe8BL3/kOez7T3cB7xgDt6/3bQq9jKZZqrPTMf0FsaH7Y5nOIBe5OeonGeOjrlc/k+TiC99FfW82ap+uRX6K8mTSh1AyThOK1QudKNZlPbHsl0r0pdnCuiSVpTRyNfSlbLmUmxilTQPwwtjaFXbLicQHd6Xw0IV60RnmqqGgGt6jXhTVFVqNMOFZNrdLmIdYVQ1r3IXBss1E94IKz2cPqneKbQcUFljtskHp3bsq4NUfzsUYLnLDtaUR6+uKLIaeE/lzvTjeWgR3sb5FIpxOzUdxRKN6kBCrll3VaBFbBkke4bfjEGQ4S2953Pv1DW+zfJAR3njh9FAPNQntixd9pEDbj28S7nqcpHQ+YYYtSe8Bt5NbMJn+n42lr5yRW0iCx49xjxElfqQx3Y/+j+QZ8KnzG5o3PfYjeO7sR+NDZWg5rS4yIwM12YSdUOyTn5wkY8VYFuxaqxQwHWLZL1aieR+EsnTfri/lJql+5QtLCmF8rysOTBbGUm7iiAlclnFuCwrDGuH58LR60F0ZbjIcxJepGCatlKKZxhTICA/0dbG9QDPQAkc8Rp8wvou74Amkt3tBgwahfCgOZ4Q7IDyqRXVudNeviegpDjCzmXQSyAgP7iUO7y3Wto4kRZyrZHLroCEnhNU7hPDai60y4fZFJ+2oiQWaT9a1oSLcXnz7CqWuz2Mg5fMJM2xJ2AC/0n8Jl37XjY6fLcOsp44Bd6oX1b5WjursfjStqseB/ykM5cu4dLAB9Qc/RKy7ST4n/tfdgY532tFxHJh41zS60IH1q9rho3s2Pfy4856q6yeitl0ouk4su5cG6FB+m5yJHfWSTlGrfS+mgbHtQt+zbSjA2LHtSaS+1BqjBzzysqagDz7hTJpgqmLjBaS4sNdtnhtQk6vdU9W3tyWOBw8dyndp0OCW9YpEvvBKORjhcuk6eQ8PwwwbhPHXWoG2SuUlHkdzGISXOfyoj4rdEyrGjfop9E+NZnCH3UYiyhGy/1c4EwxvenBPeXRyVxyXX+4I7PGWXw2x1rFvi4tqbb5wngxxetJJ/wd1jEirfoYhn+oi96vbjPCOPW3Rtwsmjdg7b3xRJrilUUNuNbK2WcfT8axapmA+YUYMCRvg7UvzkHfHVLi+sxuXZ3pwqF09DX6+FM8d3U5G+GtYNq0QeXmFmL6pG7nj1UuaUSlFbUMpxvY2wTXtEXT8CzB2wSY8VzYWfdsXoKT4Qbw9uy78nqrsUjT/0oOJ/aRsyhsDX19hhhO25V3l4XVUaILABGmmcQFrI3mCS7FGenworpxwtHOZvhWI1QPu8HkrsUdbeMyMt9bV/lCtbF1kMMdFgQfFe8z01s+FyX2Z6otA4nCdLErQ+M2ldMF9j1niyw/RPHq63JXBIPedzi2PnI5hRhoBL7F44BTeaWNrijnuxBHWKyugseIRBq6IK8aK2COtj7c90OYsMjK7g2Pa+SVJgVM5git5hhEqrsX2lYzSph5VJhGf5skBa96yHHFv7XDC2Lds2TMfifxi+aBv1k+8wBh2LlAEHigojdEuwnDNR3VZDKUXei2OegZ1uzjcKBYv9zu2lyC4omKmaZ0deQ94yucTZsRwnfgYuPrNMHFx+vRpTJgQ7VMag4S5NSMlE0ZkxGej5ItQYZVuEqSxHskjvD9iAuK94czwYEh1EBOBNOuK4axHA9uRnFd4mWsPU2+lfA84www+pNwr29Lmic1d4ZWfIUvp2/IjDmPpu7vey8Y3wzBRKEWzfPkzNu98UggDV3yx6eXh6MQwthT6qirZ+GZCYA84kzDp8z4Jb4r1W6riu6np+qtug8qI8oAzzPCCPeDM8EI4KgrhFp+4NKly+iNIzLWMqbfYAGcShic/hmGGEtZBDMOMNEy9xVtQGIZhGIZhGCaNsAHOMAzDMAzDMGmEDXCGYRiGYRiGSSNsgDMMwzAMwzBMGmEDnGEYhmEYhmHSCBvgDMMwDMMwDJNG2ABnGIZhGIZhmDRync/n4++AMwzDMAzDMEwa4D/EwyQF/xEMhmGGEtZBDMOMNPgP8TAMwzAMwzDMEMAGOMMwDMMwDMOkETbAGYZhGIZhGCaNsAHOMAzDMAzDMGmEDXCGYRiGYRiGSSNsgDMMwzAMwzBMGmEDnGEYhmEYhmHSCBvgDMMwDMMwDJNG2ABnGIZhGIZhmDTCBjjDMAzDMAzDpJH4DfD9NcjKykLNfnVO+LbcLa+5vP3qynChAzVUrqylHeqcGXLONaJEtInt0PvTyEX0txI0njN/D069+raUIGtKI/rUuROR4kRPr9cjMjKvJMZXx9IslGwxSmItV+xlGDpGQhnDIMfhYJW9D41TwvV9I8xs8yFDzWPWwy4P2xgWaaKMO2cGs59EkvUgYJFbDdUsQWT/M9OnSs5pJKkyxtEf4rxPsvo4IiOhXaIwqPJJgOQ94P99JabXnUB2lRfNrmx1MVm60TSrBLcsHz6CYlJJBbwDAxgwjy4PuitJoQ/xwEjt4CxFM9WteaY6TSG5K45j4GgtctV5CDS5ueqK4FVxdCNXEDX9EJHOcg03RZx2xtXi+MBx1I5T51FInbxyUXvUi6I619A/uBR40KProdYiuIv1sTJ4Y3hEIozmSgR0d099N1wp6RPplPMIfmi+5rn62i45A7yfBPJQE/rv9ODQT0qRKvMbuIi3D/vQf1mdMlc30hjwomKXmxVjCuh42g3Ur6FpjWGGI6WorPKhZe8w86XNbJbOANStV55ZJoSCYuSrn7kTitQvQnhHr+UHWoZJgCQM8D40lrvQJryZ7bXIv15dFvQfQ9PSu3HLF9VS1S13Y9neSyrQ8MiJ5auW4/WYPsaIkze/Bb5PKVAuTYl8iV0uGSaWpqQHhp5+3FvdKBH5qsF+aa8bZcVjjPtkjUHh/EYcG247YZgYcJiUhVKX7SoO65Ov0YfUYVkWM5YzzbCgN8tcqtXDg3mK/ArrfJY+Z+RFcbaocsg+Z+Rj5h9+Gda+NByuXNbrMdUl4lJgB1p35aO6TPiRjTK4dgG+ukLKQ9U3JL21TiVbSA4WIpVRR+UTNpxiyHEczMdyp0j1Un0hnDyt7WDKXo+TSFsTlj6oXY+KWQarbIPlN7DIQ6+DkkVHIFxrOzO+vSyWsgbr61w3dU3GSURe9rKH1s24R2h+gtLZFfDtbA/bT4aMceWoLmhDq6yLKRcZEoI5j5mtELYtLehyV6i2DsjC1udCdNgWtY3PaazI+dOmKyLlFabNHRGygRsukYf0hnfD8/1YH/P1+9B996rLkvjkbK+TdRwo+e5XMpKHShuwLXxypcOUn2y3pY2yDLoM7P07KLsYiFjGUKL1HZ8eHoMOsuRniW/IOhBmuVcE2TkQ0i46qh+a99HbNmxd1TgI6jw6zLLH1XbWvuY4ToYL/nh5Y7E/MzPTP+meqfTvJP8zPnXd5JNT/oZ7Mv2ZObP861894T9/8oB//QM5FDfH/3jHxzLKgSUUTnl8ZU6D/62+U/4Dq0Remf5Z2y5S+o/9H17c7Z9P55nVu/0XL170f0jJzm+eJONk3vOM/5SRjf9DKksOXbvjW1v9b5087z/xj4/775BxGvznZYwD/sXifMkBecakFp/P3vgxcLbBPylzMbVMKLKNzbaS/UyLJ84nq3bVfxPn3zhgae/Fb8gTQpxP8jecFb/P+xsmi34XzFP2Qz0f/f4Sh/5D5V+8OZBC5jkpcB56P7Ms4l7BeOf9B95Qv6ku1vLGlkYvtwUH+VrzISzp7XUw4ouxbdSDiFDGoMyUfCOMNRlXL7coB+UVuLelXJosZTytPKoMepmteaeorUPuG6m97Zhl0MJl2wTP7fKwlMkmGxmml8+WlxE/zHhxqpul7InIi9IssYXHIf9IeiAeEtJBAot8rATHi1GPQN/X0jjKx34ekJcua4c+YyvLgSW2dgzIScnVUm6tjFKmWnmJqHlFaiMHZBzRl2z3EfXVx6MVo/8F49vvHbucjTro8jPSWseknkbdy7EtDGRbOV7TZGevg63NLMRUxmB4xL4j89LSOrSxjlFu/V62e1P6yPNXBNlFahcLRrpgGQ/Q3GX8Sq6usbWdyMeaJpiH5X5DiKm3EvaA5+ZPQDY9jbTvt3nL3myE+x2g/D+3oW52EXILSlHn3Y6lo/rR8rO9CO4quQurGmox7Uv5KP3hKlTQlc5/OgFcPwrZY7ORIaJkZGPs2LHIHiVOBKOw9OlVyJfnfWh5ug39X1oF70+WYlpBLooWPIdDz94FvNOAFioDM3Lp2NOGfH0bxcw18KAF7aaHprcr4D3NnVlq7Bve34q2Ag/WBPYSlmJNPSxe9YrW5kCepd/3IF/Lx5l8q5dnXC2aV5i7lHNRPjcfvpORczAJxstF6UyVx8xmbe+jWAUAuk8Hy+uYJhraMnFUzrWjpbcCnkCdqBRNXjkeA0Qpo6BjaSHcRV4MNIXziPWhfacPFWu1Pd6Ur5fyioiv0fC0dWn7lVU7e7Uy567woKJX6x9Esm1t9EGvtk86F7Vr4/PcVrRq5aa+4wms8oTKQ9ZhV2vQI6TVMbesmkqnlU96an3oUhWKOl7s/diB+ORFsmjSyi7KZ4sfMb9x+ShCN3xae40UhDfS1e1BT+B9hRjaMg5Km4Jyw8xKGotWOVnGUIAO1BS7UdRq3UsdNa+Y29zwnLpv71F75ntQvC4r4KEUeqpoQmipJCF6mfrOy3QvdRaOUDnHOiapr79spjHC0e2LPGarPFqeqj012ZB0aC7JR9ue6C0an96ITw8YOiRU/1qo8uK4NkdZ7h11/oouO6d2cSJYxlKau8S/g1BXgaXtiBjmq+FCwgZ49uzn0bwgGyfqpqNmf3DPR99pMqKpESf/bcBqJqP6y8gVAuq7iOBGlFx8+Wb1k4zu2MhF7lj1k9SETxjZX5tsGchjvyQa7xLOXzTOmZGDUAT5t4vW7IOvm87ltglzKYkMvF5lcIi9mq2AS17XlgxPU6JeNwoDaYylc6uCSR5j6S2YfyyUNg3AC2MJ37okZl0SFNtFTMKnSSE+mnCjGuzhyyjZ5TIUcljjW0Bt15uP4pifDAQ+uCuFUWF9WVC2c1G+TflT3ppBmjxGHwwxKvJJVlEN+fAY/Vsg5AG0iZePlVyz5BJrGKNUGqxFyNcnmgBRxstgoS+zk/E3mLdKH2Ha3YT0i/6Cs0GcbRkNy/K92o4ZhbZKF7rre0JfZEwgL0f2r4ebHumCD71knB3tgafbJbfEuGn8Bw1sK87jNQqOch6cMRmKs66Se96jGfJxlzHFfccJcW/1U5DI/BXAsV3sGH2jeqfSR4EtMGmoqyTKfDWMSGIP+CiUNhyC585+EugsNJ42ruZOmEj/9+Ht32pvUH56Hn1CwPEOwojkI/9O+uef3rZ06ku/E8Mj3omeGXJoonDvMj2xucgnXVfRqr5OoB2BCUYY4eJaVzVaig0jXCpIevq3pwnvlY0fobyCXiDxJYDYO5owqGWauS0olAa1UBSF6FobLKvdIxyaJgbimYycJoZzPlKJJtHLKGTuLaIHn4jlczKQjckqPPnwtBpfyNH3EIafCFM57o0+6Og5iWeFwUbwYVDIg+rXFZSrccT+ZZIgMYyXVCOM73XFwa+IdEX3aIYS7oFiCFGGZjhjUnroxNc/LHtfU9iWwmAu7oInkIdtNSoMFa3iyzKF1n3KCeYVO2RovUzjs44ekh298gaO41U8+KufjjjKeXDGZChOukoR1YaJt4yp1ANh0GSdzPwlcWwXJ4QRbtxDOpGkEZ6GusYyXw0jkvsKyvX5qN3mwUScgPveZej4iK59oxpLs4H2b1egfk83+no70fjwAjRdzsbSRbEbQp8T/+vuQMc77eg4Li/ZyMVDi6YBv3sWrv/YhM7ePnTvWQnXqmPAPbV4aLgpdiY8YjKXy6facujsCnqwcx7kfVtqgi8LSc+gQiyx7nKFfZkneezeDWNJLTqkFJYGjdPg1wPsnhbxAqX6GTZNFOJd2pfx2+DWJm7xFZVgrSKVMYj01kc0wo2JqW2dFi6MnV71Oxz5tTiuPlMZaFfRzsITo5W5b4uLDKdqlKdw3MsXBS2fy6M2mecG5pZHmYSDWOtbA5f2kFk+F3DPCyev+Ig0XgYDu1ezb29LZIPKjtyWkEqjKXnkC11iu1NgCd6Z/BXHjU/wBYyQeNrSMO6C2+I6UFOp+aXtK1JCTupnZMSn/GxGeMJ5OaDG3HqLbjW2vYh2t/RzO/IhX09L42hd9JKEyjk1YzI6xtYM63gy2qlidnQbJr4yplYPSCxfE1Pllg9Iic5fVpzaxQrdU3vxM7jqNwh1DSG2+Wq4kJwBLhhXi32tFcjub0HNtzvQf/1d2NR1CJ57zpPhPZUm5DLUn5wGz4F3senfqTRRKUVtQynG9jbBNe0RdPyLumxj7MI29LxUjS/sXYkyeuqZWtMKLNyOHm81AjtVmGFIGw1ebRlKedIs3rqZzWqQa/GUcZc7gQaxeBNaXncBgS0KNAmZ3xQPpAtuUYmGsR/N+qUHK8aeuOASmgtdZIREh4xPMg8DW2PEt3TlEp6xRz1YF+q/gaf1cGmiEfo1GbG3E/pXUCwEJ26jDFlona17yiKV0UppUw88sszOMg8Y6Wad9lTG5p0gHXOcdIyUu1TsoWUu3FkddU+iTvS2JuRWJ+Pb0MZ9CtEyt0fbXxmdCppwAn1Y7mUPPmSK755b5CEObeKKiwjjJRXY5aWfi8N1siho6MWAMODzU2o0JQAZhZbtaic9MXvjZNtVGXrMkEesbWl4jY3xKOK1opL6dgC5d18fI9SHVFB0DP0n8xZtn1Redpx0qxvFypsZqLtTnxPj15KWdPba2FZM7HJOfkxq+izC+BD3tY4nMc/EuKIUZxlTqgcEVdXAPDMvfWtSovNXKCHtYoEM4O6gbpC6Wa1CJ1fXWNou9vlqOHCdeBNT/WaYuDh9+jQmTCBrmBleBJae9ZeImPTSF1gKHbRtICOWDtRI4y35pWfWQQzDjDRMvZW8B5xhmOHFuFpjn14KPaAMkxrEg4nwyulfiWAYhrn2YAOcYa5CxFLfcPxz88y1jvFyVjzbeBiGYa5G2ABnGIZJOYahydtPGIZhGCfYAGcYhmEYhmGYNMIGOMMwDMMwDMOkETbAGYZhGIZhGCaNsAHOMAzDMAzDMGmEDXCGYRiGYRiGSSNsgDMMwzAMwzBMGmEDnGEYhmEYhmHSyHU+n4//FD3DMAzDMAzDpAHxp+iv8xPqnGHi4vTp07ITMQzDDAWsgxiGGWmYeou3oDAMwzAMwzBMGmEDnGEYhmEYhmHSCBvgDMMwDMMwDJNG2ABnGIZhGIZhmDTCBjjDMAzDMAzDpBE2wBmGYRiGYRgmjbABzjAMwzAMwzBphA1whmEYhmEYhkkjbIAzDMMwDMMwTBphA5xhGIZhGIZh0kj8Bvj+GmRlZaFmvzonfFvultdc3n51hWHCcK4RJdRXSrb0qQt2+tA4JQtZUxrp19VOB2qyStB4Tp0OGvHdp29LyciUv9JNWVk16JD9LEqdVV800sQqH6N/6vrPjpTf0g51ljiJ5ZNEn4pFZlcLgb4SPMLrJMaZdOmv+Bix+isSor8mVSdDb3EfH14k7wH/7ysxve4Esqu8aHZlq4sME4GCfKBuPalvB/avh7tX/WaGhNwVxzFwtBa56jwq0nAjo1edDg1kDFR2w9M1gIGBZpSOq8XxgeOoHaeCQ6D4xS2olvHpaC2Ce9618NAXgagyu8oo8KBHtL04ujykkwojPljFzvA0TK8JSBe56orgjUd/XRPkovaoF0V1Lu6Xw4jkDPB+UjQPNaH/Tg8O/aQUbH4zMSEM7II2tIZMdvSUvq4NFVUV6pxhYuScD90oQn5cxqMWP78Y9FhoIB4orokVGCYAPXx4qoDu09zqI5mOp91A/RqUqnNGpxSVVT607OU+PlxIwgAnY6ncBTKX4G2vRf716rKg/xga5xdijFzaG4PC+S3wfWoEXX6nBTXTbgks+42Z6kanuXNFLQmX/KgdLfPzjDh5LrScvgzfiwuQ90Ujv7uf6oSR5DK6X6zB3bcYeVnDaDAuFddq0HK8HtPHGHHytLLg/Q64Z5nlpOO2BXQvFRYoSyfalqqyjLkb7sO8zSZ5iuBZW4G2dTYj5xy1OzxYM1uda8hlRbOddG+rWprr0MPty/b6crMZ1xJHeKxUuPBc7dc9ug7eLMtyoAqXacw8rN5ga9kjbF9Q5TTDw6czt0HYyh2rZ8NyH1X+LUpGQi6W+pn3Mv4NKYuIW+yGjzSBy0wvscYPLZ89P6ucje0XjSqOeV2vLx1mGR3LYM0vFDEZUXwzLqUvWhuP1yyMPJxQ8g4clr4nsMkqIHsdFUcPs+VrKYMvXH+0t4sepsvMiJdwH7sKSEjnyHlDzIs+uIvput5HA3lZtwIYfb1DzVeh4VbMdrG2o73/xV521aZ6+Sz9M1J/saHmTDOuRb/o/UaVIVw/DtY93j7YgdZd+aguM0dxMveOpV3sbeBwPw0zP0vbJChrx/aV8remMe9pUjq7Ar6d7cH6M0NKwgZ499ML4H4nH3W/bEap7vr+1EeG+XQyVCdi09Ez6NlXiy/sXYbpPzgmgy8d68TnlryOnjNncPwn5cjobkTZKms383ka0L1wH46/shQTL3Vg2b15WHDwHrxyZC/q7gFOPL8MDXKbwiUc/afPYUl7D86cOY7nyjIorAzfsSijNtQ//QXU/fo4vI9NxCUqy8rtl4yg3k74/t2P8CsqS8++VZj4fjuWVVsnP59nJTpn7kNP5yaUZ5xAo6seRk2YpJi5hkxtN9ZrbSW9F3PLQ4wgoUQKd1YHlot76ruV4aTodVNO3sBScv4uV3BCEgq2EvCaS80vA+46nwoUCKXpAlpV+IAXWCeMuXigyXadeY8eeApMw07Qh/aTetnzQx88BLKcxhaK5pniQvR0bZWtqFTh3ioqQyxbKELuI6C0JytlPgNNzr6jtkqS0cvGvYSMuyvVRDOz2ZC5eBAPpBcTSSHcRapNxCG2eBSbk4MR3jK3JxBeuUcYLTZ2tah7qm0R+1st7VRB7S77j2MZopN/ez7dw0UTmAvd9T1Befi64CvKj2iMh5WHHU3eRrmpf3S7bEaGVRbeuSoogCZPc2nd3q+pDMUyriBCf6SH3K7AvYwwd1hjL8E+NhIhebp2VcCzwmj1hHWO3MZDfZN6o2xz1V4de7S2aiUjyL4Fj9K3ztbDI28ViNT/4il7Tz3pQ/GgsEeNf1kXd/DeMfcX6qPz6CFWG5/UPWMimmxi7oMJrIIl3i4x6jA7lJ/L7Dd2XRCrrMnQltts1H0HWmOVNCFW+npJv6lTZojxx8sbi/2ZmZn+B5cs9ufQv1M3n1IBio7HKfxG/3c71Tnx9qob6drj/gPqPMh5f8PkTH/m5Ab6RZxt8E+iPG/89lsy1O//2L/7IQrPfNC/+1/UJZl/pn/xG+pcR6WftFnm5j+wRKS917/1gjz1+z95zb+YwjOXhJZEYMRfbJQzpCx+/6lNkyh8kr/hrLpwjePz+dSvOJByNWR8fjPJ02wL7brsY2afUH3E2t4HqB2d4hqIdtT7gPnbxHJfh/SWssh72drckiZauA2nvN8Q16L0K0s6B5lYwu1Euk+08jvJn1LpcrXf27EsWj6O4dZyWNooDBHLYMvPjhzrWv7yXNVZ3NveZ4JEl4dedksZTXT5RugrZj72soYrg0G09rRilbOeNt4+NjQkpIMEQiZiLjCPqPIVslF1d5CntZ0j9z17eGhfj9S+0fpfnGWXbaqXNdK97WUN7S+h48ZBFhH6o1OelrJE6oMizJJvMve211WglcexHA730wjNj4hQHkt8PV5ImykcyhR6z8hlZNKDqbcS9oBnz34ezQuycaJuOj35B7dl9PW+Tf+/jKZZ5vJIFqa/cJmufSzDL9NTXv3iMpTclodbvljo+MJdbu6X1a9RyJbe9Wxkf15eAMbnB/dq0n369tSjZlYJ8m67RS1D28nFl29WP68fpX4o/ngMTU+5cDeVJW9MFly71HWNYFmoNPo2GyZpcld4UKG8LX17W+CrqnTYu+dDF/WRtspgfxIeyzZ0wxfBQ2TQB183UDQhvC+z77SIENnbmTTCW2mWPaSP+uCuFJ4jh5ffIqaLlwj3SQDpPQ6H8CAXaHuqJbnIL1J7bB3DY0F4nZQ86HAarzFxrhHuXRXwap7y0qYBeIvccG1pxPq6ooAnNFac5RGm/2leqKj9T3jMuj3osXj1xZjIR3H8ApToS+qFltWga4zAS5he0kPaqpmUb6I6JwyW7RkxeErjJNj/4iz7uHwURfEax9ZfxEt+PajeWWjE1T3u0Rhk2UQk0XsnrMNs6O+eEDHJWqyydFWjRaxcUDz79iNm5JDEHvBRKG04BM+d/TTYZ6FR7Z3OLZhM/8/G0lfO4MwZ/fgx7vmoDY8UL0DjR2VoPnAEv/4fx+EpMNIlwmXvIyh8uBH9Zc049Nav8c9HxTJ0rPhQP206Vr75ZdS9cgRH3vs9tlepICZNlGJNPdCyVxg9gOf7TlsHyNAoUMu55pKbPGI3JO0vVvlO2hRbt8+6pCmUq/qZNMKIXlccWA6WS7wqyIDq1iqWkG2KNGq6eAlznwQJkaFOhGXOgDFqD5fLx5Ewlny71ip50OFN8XgtbRJfCXCjO4GXuJzloT102FGTd+4EEcHW/3SqvPLBoFDft0opiwvI0Eqgk4oJ3n17cNlcbG1iStHcWkHzmLlFKnmdY0EYecVd8ATyEVtUUkuw/6W27PH1F2GEG/G8cMVmhKdaNvFsr0j23nHrMAe0uSYuWcutTkaZEbdOj/dldWawSO4rKNfno3abBxNxAu57l6HjI7r2tXJUZ/ejaVU9DvxP4fm+jEsHG1B/8EOM+uNFNYmMQkYGXW+rxzMOHvBYuXRJTUkZGRh15RJaPc/EPvioJJd+J/7NQMa/BT787Wo8m6hHjUmY3LJqgIyetipPmAkiF+VzkeDeU5E237qvj5SuW2tncf98cy+xhAy9dbofxDB2gm+Od6CmMnYfjd3DKT396neAfOHRsBrHMaWLF4f7xIpl/7ltv2wI40gHWPbBEypNpdhnPbOSJjrr/kax/z9y/exeX/HClfoZL6p81v2VwsA3PGAh+0AdiFUe8qUny35eus88d/BdByEL6n8uXRZbrH3d9M4HjXCjXwcNRoL6dWPUNrV75PvQvjPpXnV1MLOZHujMPpuMznHA7i3d35q0lzd8/0tl2ePpL6QXtfEe9MhH0Z+plI305uue/kG8d0I6jND316vyVMiXv+OQNbV3UH+LOqqfsv7a18VIJ7jsXnRRx1R47pmUkJwBLqAnsX2tFcjub0HNtzvQ//lSPHd0Oxnhr2HZtELk5RVi+qZu5I4fC3ypGhsen0idYBlK8krwnUulNBGqfBIgd8EG1BZRN15egrxJ38GlmWRMqbDolKK2oRxjTzei7I48zGqbjP/gUkFM+lCf/6qYHd7nKL5LLQ2QwFIhHTEuccq0YmI1080DPLpnQXgSpPfLzJs6wVrd25yL2peNbwQb4a2opPixYmyzES/6Gfm7ThY591G9HFS3mNPFi+0+sVJBk3pAhvKlwuagl1i2oZKxMmDEcrR4wcgsv/HCoJmmFM30IBCUaRZaZ0fzPhmrJfKFMZmmFUjYA25+Ezd4/6ysoHddvrQmr1m/KKATUR464gVR+QJq8D7ixa3jAWOdZDFgLYvrZOiWlNImkifEGDBethP9OlhOOopbxFwcBaq3+PqQ1te76CGPMRArIGLMiZfiktE5lr4qHprUC+eBvPZQ/1ExEyVS/0uu7Drx9BcyBLXxLl8CldumoujPlMrG/pm9wbx3IjqMqKoG5qn7kTyDL3/HIev8YulEMeIZ+sTIw1zJUWH2uY4Qjp18hw8dMEPDdWIjuPrNMHFx+vRpTJgwQZ2NHMylvqARZGO/2v7Bf8yBCG79CH41ZRAILAeHMWQZxoGRqoMSJ03jcaQylHokyr3l12lOemL+SlPq6UBNlhvFXal5D4hJHFNvJe8BZ5iRhFyu1b8Va8dYFmQvQToxtmU4v4TLMAwTI+Nq4RUrQ5Z3JtLBcNdh4sFNeNy9bHwPI9gAZ65uhDdbLtWpQy7X6h4A4RXQwtWyYFjvOJMCxGSgy1x943rIPEMMw1wtiC04ge/lDxojTYflyhdkeV4bXvAWFCZhrr3lX4ZhhhOsgxiGGWnwFhSGYRiGYRiGGQLYAGcYhmEYhmGYNMIGOMMwDMMwDMOkETbAGYZhGIZhGCaNsAHOMAzDMAzDMGmEDXCGYRiGYRiGSSNsgDMMwzAMwzBMGrnO5/Pxd8AZhmEYhmEYJg2I74DzH+JhEob/CAbDMEMJ6yCGYUYa/Id4GIZhGIZhGGYIYAOcYRiGYRiGYdIIG+AMwzAMwzAMk0bYAGcYhmEYhmGYNMIGOMMwDMMwDMOkETbAGYZhGIZhGCaNsAHOMAzDMAzDMGmEDXCGYRiGYRiGSSNsgDMMwzAMwzBMGmEDnGEYhmEYhmHSSHwG+P4aZGVlhTlq0KGiDS0dqBHlWRpfafr3L0PJpBq0va8uMIPDuUaU2PpOyZY+FcjEj9Hfa/YDfVtK4u73DJM0ckyXoPGcOh8JqLlMjBtn4plH+tA4JVJeGuK+UxopRSwExzbjhCafuOQaL+I+I6x/pxOL7JOQlRyTw8WOTA/xGeBFK7D9pe3y2OQaSxfGouJZ43z7Sysw0Yg1Ivnw3An4Tp/GxSvqAjOIVMA7MIABeXhRVFeYViP8ajJUO5a60F3fg+aZ6gITM/zAkiLG1eJ4axHc8wbLABokCvLRvc65zH1b3GhTv4eOUjSTjhwZYzv9RupI1H0dS9nhFMTWZ2Y2o6e+G65rSCfHZ4DfXITy2eXyuG/iF+jCF1A8wzgvn11E5vjIJffxX5Ex+CvUjlMXmDRBk0xrBXwnfeqciZlzjXDvqoBnRa66wDBDxMxKVPS2oH2keQkdy9yB9XVARVW+OmeGHaz7rkpyy6qRv6v1mvGCp3APuLEclLX4WbQ8mIcs9WRz+Z0W1Ey7JbDdYMxUNzr7jRTSA0Xxnn2zDTW3hYbj0350PHU3bvmiEZZ1ywK0XRIBl+h6GQrHqOtfzMOCF8MYcKcbcTfFuYWeqmS2f+yAWyvPLQ+3UW7BsvAyU/rpO92tfgmM5VyzfeweSqOdzHBtuUotgzUuNcLCLdsKD0RhHfWVXS5bPNV/nfIOh7n0JpfOVLqQZVBrvlbvR4S6xlCfvr0t8FVV0iOMM1ZZ2etKfX2/vh3IXl+93GbcYBzndlD56mPIlJE8MZfqbXlbxlzk+4agy56OoHwj3ytcP4gqsy3qfk5emqT6QyyysfYXI641jqX8VEbd4ybDLOU276lOVfk7bHkEsZbdWrdSVFb50LLXWtvhTTU89YD7aVtb7m9FW5UHa25X5wHCtZ0dazuF1yWh7ec8XuSJDTPM3idUsMJ5nArUvS39OVK5VXwnnSG3ILnQBh/cxXQ9UP4I/UXV06rfIsS3EVb3RRh7Ucd2RH2ooe4RqV2C9zHzMa67dgG+ukK6brZ7eJlHHa8OhG9vByx9jQjZSqbkIs9jbxs7jmUK12fGlaO6oA2tEep4NZH6lzC9Dehc+GsMDByX3uRLxzrxuSWvo+fMGRz/STkyuhtRtkrvFj7Ur+rEA6/04MiPjfAKzzEZcmn7Arie92Hyj4/jzJnj2F4GXPxIhJxA5+m78KO3zuDMu3uxqvAS2pcvsCoyQT91mnvdOHGnB4d+UopsMrVbHnah8b3JeO4opT26HQ/gIi6r6MxQILxNPlTMFqpUKJhCtMztUdtTeuDpdgUUjhjIhTur0aO2r4QsV/W60TXbCAu3LFnaJNLlA1VeLZ5QLsZypnFflXcsSobuWbinMpDOW0TngTIZ+aLVCDO221D/Cyje8HWVRKmPWDXIvz2cl64P7Sd1WeWjzbLcTopvHQ1X896k9IKyDC031rkphYKUp6uuKLiNqLVSBcRGW2UrKlVaLxltwa0LUe7rQMcesw6iHBU0ua2nXIKEu5dzP4hBZidVWzeFeexJuD8YhJeNvb8MoHKPmMCC2MfHwOxWOeHHBZXfDUMmA10e5NMDSqBPkmGql72C4q7X+qvoiyNtJSt/hQcVu9xaG5Cc17UpfaQTve0CnGtHlz6uaWy5wxrrydFWSWV6WZWJ2qu7MmhARdWX9v4ctdwU30lniC1Ioj8gH54uCjtaC+mXjtJfQvRbtPgajrqP4ocfe8noQw1htFZ2y3o6zjFhZZiL2qNiTFOfk/OMYR+lsq9Eb28btlUr+VBD/wUeos/50F1QjXJRzjjaRidsmcL1Gfp/fhHQfToxGYw4/AlyfvMkf2bmJH/DWXXBf8C/ODPTn3n/S/6L6koo5/0NkynO5Ab6ZeZxo/+7nUao33/K/8xXg+EXt82S4Q9uO+X/8GMjhv8T9a/OG4spXqZ/8RviRJVjyUv+1xbd6M/MWew/8KGMRVz0v3Q/hd34oP+lkx/6ZZYqv9D6MNHw+XzqVxycbfBPEu2jHUa7mWHUXupUItp2ibhi9J1AXIloaxVfxFP9JhqyrWWeCse0Iu8o/cEpnV4Hh3Bx70mb6UrEuqrfUepzYIlVHiH10rHcz6Fu+v2i1Uv+dpJNlHzp/yFtGEVejnIKi37/KPciIspLYIk/yP0hWnkd5RClvoToI0b+TvW1pXEon57eTkiYU/0HmYR0kEArq6Ue2nWLvOJtO43w+SQwXgJEa2+ncHG/2Puztb9EK2v0/MLJORzR+p6lbk75OY4ZRbSx7VS3N0SayHW0Yx9zkeok0OPb0zq3qUm09nZGl+OBJVS3zVRv7f6R5O/clrosE+uDofW++jD1Vuo94P/nTZa94JfpCa9+cRlKbsvDLV8shLtXBQTIRW6O+olRGHW9+kmMXfAzbF+Yj8PLS3DLmDG4+ym1jeTTfhzb6oZrWh7y8sbQE6nD6zJv1uO73suYVv9jlGara1Sy6q3bUT3hMJZNuQVjxtwN95vmfhcmfegvYWqeBF8XPX+3waUvdYm27fahj0K6qO+0VWphWcID2A2fkxeKEE/fwbjhl+7kFpiifPUEbpKP4gK6p3ToCe+Xdt9InvFx+aAHeInMV3hltLRi24P0Ekasa4rQl2OLI3uSdZzloSG8F13VaBFLh5R3pCXReIh6XyfkUqaqo+wPSZKgzMISa3+IhugvBcXUK8Mhxgf12fARUoCxBG6WPW7v+jCl9PseQK2cdOxpQ/7c8pA+GG/bia0/erx0EfQKx68vBaktd7z9JcX9Sxt7kqTGtg/uSjeKWpXnOgLxyjA1Mo/S3hY9SYfyjIv+0rZH9ny0dlejfEUlKuQe7D607wSqy8yRkEjbJNYHryVSb4DrfNSGR4oXoPGjMjQfOIJf/4/j8BSosFi4fizKG36F3//+DPZ+Nx8nnnfh8Z9fhm/jVExf1YEvr96HI0fO4Pc7KlQCjW/U4fmqbHQun4qVhzUj++ZyPHfk9/j9mb1YddsJND74ONrkthZmyMknA6PAE1xCNw+5PCUMYrVcZQkPrxBzVxy3xHVcMiRyJ4g1LyfD1zRojK8RBPIKLJc5IJbt1E+Zr9riYDnEcm/EusZO2KU6MdmsKw7mL7YTqKCYsMtDPjBoyCVEkbcXIAWbKiM86n11xKRS3AWPWUe5pJkEycrMiVj7Qyz02mSh5W1gPjCa0GOrNUISiAm4EF1rg+UWy+khxPsANRygvuypakPrlvAv9sXTdsKgct9ubiswtjuki+ADQfz6MrXljrG/BIg3fgTdZ6KPj6THNsmyVWzxiazr4pVh6mQepb0D+lodqt8GXnrc34pu+eAp3uUQe7CF8VyEfNlX4m8bg/j7oEn4rZVXF4NrgP/xIjWdYBQyMi7jUls9ngnxgIenb+syuA/6cIns55tyx1Iu6vr7Rq4ZGXTlj29j9SYnv9dNKP3JIXju7EPTrFloPC2u0e/lbnT0XkI/hefeZObIDAvECxhww+W4By4X5XMxOJ86k3vhrPft2+Kikqj9b5Gw7IUjRTXPDdSvMV4OEvnqe2h1ItY1NiLtubV7k439fbEhlbK9Xuu0MUaTWbBOQsmqn/K3/iJeB2qEVz9Got7Xjt0rTJNIMh7wZGQWINH+EA2Rlmqn7w/teFr34omJE9Z9rfvXW1YcpRGpfWFA9vGY9bGYkKl9A8LuQKvNCya9xyN04iydTdKt09rKTsxtZzz0FE0I9CK07wzXi5IbLwJre9fAFXiAiFdfxlPuWIjeX6zEF99R90UYeykZ2/li5S+SER6vDCPHj2+8Jjg/ypceu+Fe1x3wdoux0L3OjbbAS67xtqVJImUyZBCUydXN4BrgX6rGhscnkmJYhpK8EnznUik1tgqLgVFjgPb5JcjLy0PJ93worT+E512jUPrEcyi/2YfGWYXIe7AVk+eF8Xtdn4/adi8qsk/AfW8NOvpH4aZP27Fgiti6UoKVvlJ4fvk8Kj6v4jNDjHhRxfgueHDJKqjshEdbvlijhVnfEo+NXPnilf71C+Hhtt5XvjgSize6wIPiPWZ5CuEu8uJ4wING+SqFbeYbfPs9cl1jIdInm/Q6isN1sihoqEZDeEtaySAJlNsFrNU8RvnFWp2MFwON1QWq08tiOd+sUysqKZ+YiXZfOzPXwEMPMYH+sEdsboodez9ISmYmCfeHaBhpg7LNQutsq8e/tKnHJo9Kq6dqZjOdB7c9uSh27CuSpVgjvhiith2JtoXFCyaMiXxtyXqEIfpSQaTyx9p2NAbWWvtwFxl+ziQ5XogKMnAC29jky4HNVFKD+PRlPOV2QusfcotetP5iJ774jrovwthLydgW6DoqRJbRZWhsdxLtLfpOlPhxjtfE5kfDSPbpzibS7+g1P4wgiLctg0Quk73PCISxX4HKMKvVVxvXiY3g6jfDxMXp06cxYcIEdXYNYi5rxrltJJWYS5hBI2+QGKq6DgMZx0y6yxrYghM0uqz0BZaOw22/ShlD1E7Xrg5KY9sOU9Km+5i0Ib+actIT+7a8EYqptwbXA84wzKBS2mR40ePxnMePsTTu9HLa4DJU9x0JGEvskb8DL5as0+BNEg8Cwvv68gh4SGKuGtKj+5i0QQ/xheLztle58a3DBjjDjGjE9plUe8FsX33JMr6RPviepqG670hAeDx12RhL7LqnyP7VHzmZhfWOpxD5glf0F6sYJrUMhu5jhoyZzRhIh74aRvAWFCZhrvktKAzDDCmsgxiGGWnwFhSGYRiGYRiGGQLYAGcYhmEYhmGYNMIGOMMwDMMwDMOkETbAGYZhGIZhGCaNsAHOMAzDMAzDMGmEDXCGYRiGYRiGSSNsgDMMwzAMwzBMGrnO5/Pxd8AZhmEYhmEYJg2I74DzH+JhEob/CAbDMEMJ6yCGYUYa/Id4GIZhGIZhGGYIYAOcYRiGYRiGYdIIG+AMwzAMwzAMk0bYAGcYhmEYhmGYNMIGOMMwDMMwDMOkETbAGYZhGIZhGCaNsAHOMAzDMAzDMGmEDXCGYRiGYRiGSSNsgDMMwzAMwzBMGmEDnGEYhmEYhmHSSPwG+P4aZGVlaccYFM5vxLF+Ff6pD41/n4e7N3arC2nksg9N8wsxRpXr7qc60P+pCnOkD41TKO6URvql6O9AzS107Y56dEdMyyTEuUaUWPpPFkq2BKSPvi0l1va4KqA+lVWCxnPqNAKy/ks71NnVw9XZroOF6C9ZqNmvTuOkYymNq2HQh4ZLORwJmces8h7WZY9Dn4QSQ1qLjo71PsZcmmifjYhoK9Ydg4JlvpHtnmi/YhIhYQ/4XSu2Y/tL29H85GR8uNeN6f+xDZdFwJU++H5zCef7LhrnaeTYuulYeXgiNh09g55XqvHh8y48/vN4SnEJLfNdaOufCM+rdSi6Xl0ednSjaVYJblk+Ug21CngHBjAgji4PUOcKDPrcFccxcLQWucYpM9yRSruGpvUIUBxXXRG8ql2H/UNGLHUaVErRTGOjeaY6jZPSJhpXTaXqbOgobeqBp9s1OEZZKijwoMfUQ60VaKsMtvlwkWH6IQO9uAXVXaZciuCeN7KN3/j0TTIPNzEy5PolDONqcXzgOGrHqfMoXK3OonSSsAGe+7VylM8uR4X7OXyvgC5cuEjmK/H5Ujz3zwP455+UYpQ4TxuXcKqnH5jxEKoLxiL3G/fgLrra/y+maz46vi0uLDucjYrWfaidoC4OSy7i7cM+9Kf7CWcwGFdO7eVDl0+dM1cdHU+7gfo1ZFYy1xa5KJ+bj7Y9I2CSnlmJCnTDx94/ogj5phGWX4x89VMajuyJZpiUkfQe8Mvdu7G7F5i26CHltTSWTwNPRu93wD3L3BZCx20L0HJaBFxG23w6H7MSndpWj87vjFHXLqP7xRrcLbaDyLRiS0knwpvTY3GfaxrgdcNNxmnLw4+jLbsCtbPHqvDI9B9chul1JzCx/hCaZ2arqwaX9i4LluOWuyl/rRSX+9C+/G7c8kUVfls9jqmg8OlMGbXDt3UB8mRaqt/ydlxSsrj8Tgtqpt1ipKVjzFQ3OkVy+fTsQpuItMslw6SHKaycCZkmCyU/6kTb0jwjfIytHkPF/vVww4M1prfPvtxoWyo2t6uIJWJ964rAsmwcJl0oyuOxRcUPPNGrNgpJby616uF2j4na2hRIa3+6sObttLwq6xJIH67soejpsnQvi0UeennN+ljLbPVahimvyLPYDR/1Rpe47ugN6UDrrnxUlyntQOUrrCN56H1XEk7epqelUZXPLLu9vCK9Xq/wMjY9N44ydqyTPW9CxAvkGX+fCC2vjpmfOo1QF7McjaouIo3VM6Xus9/QAUYedu+brdwybri+E99YyC2rRv6uVtv9hh99W9xoq/IEvH+hMgxff/N6qFw1VDt1iHxlXCUnXbaW8RND3r5wbRpHuUIoRWUV9X2z39NYKFqbyIqkVWZOfTZ2WSj0cD0/QraXGUaHOXbC6xsHAnOrD+5i6z2s+dvGBsULP/4E2ngW8Z10pl43OkL1n66vjPvrZdLjR5R9REQ6c/xGHtvh5BquHQS6vg1bJiXPYN+gw94XLLKy6htr3SksZl1mytk2z0SInxL88fLGYn9mZqZ2fMU/6+kD/oufqHD/Af9icX3JAeO04wf+Bzcc8J+6eNF/vnO9f6oIm9zgP09BH7fNp/Q3+r/baUT1f2KkvWPDKTo579+65HH/S78977948ZT/pXk58n6L3zCiOvIvlP4Go1xfWbTbf/5jdT0s5/0Nkyn+V6b6p+Zk+m9c9Jr/QxVi8iHVN4fym/p/v+U/HyjHLP9LF0Qopb9H3O8O/+P/8Jb/VN8J/0u1z/jfippOyejGHP+sVa/5T5w84X9t1VRZ7kmbhWQo5xcW+x//xxOU9qL/1D/Ol3lJmX7ysf/Di7v988V59W6SzUX/h6KeEeTsP9vgnyTOb5jkf/zVU/7zv93qn0/1zbzxu/63RXiC+Hw+9SsOzLIEjkn+hrMqTCD6l1lu4sCSxSQthex76twWz5BpMK+w6UKw9VeJcS3Y1/S8VZ/R8juwhM4DZTHCzXYUyHC9nlQea97Be53fPIniaveWZbfJKAzyPlo9zm9uMMpor79FdmZ9tHvINoqtvEbccLIlHMJlHWOWtykTXQaDLOOQMlvLI3GUYRJ9woIRXy9fuLoYZddlp+oXkK8RP6SstvBgeqe6aLKQ9zPPo9Vb4CC7FJKQDhIouQUPrY6ELkNRp2DbnfcfeEP9pn6yWLtub2ML6n5muNkHA+1gH3MR847SplHTRm6PQNm08kpEHQL9xo5xn3j6bMyyMNtKu7fsZ4FzuveSYJ+T+Wl9UG/L6ITKJ2J+qmzhx5/AJhtZP2t/izRfyfy0exi6Q2sbW3xxHlb2Nqxl1euu+lSEse1Yz3DtIMqop33jQOC3BSXPQN2krOx9xyarQL72ujrVwZY2RM7Wto/djogPU28lbIDfu/o1/2uv0vEPj/snCaP3HqsQwnV4o/OoSnzylv+7N5Lh+21hshIy73v9W6WRakM1hEUh6Phe8s8io/Irc37gf1wYxTfc62+QdTzlf+ardI9VTqamaqCvUocVaXKoXBYLnMLF9f9rq/+iuuK/SPehckx9jsrxT9/130i/H/xHu9keJZ0pIz3cf8K//it0LSBHHVVOW0cLJ2OBRc5KdgE5E6c2hXa2eEncANc7sW3QWAaUHRHXqiDiT2fHIcwhLzE4jb5nu69Ar1NI/QSR7k+h1FaWySiS8g6H430N9PwNRJ5h5KgITRPEEhbhvhIR7iBLSx0jytsh/mDLOCT/aH0k1X0icptb5B9GdsH6RSm7Q3rn8pro+UWptyRyXZIlKQNcr7csd1BOugyFvK39xZnQfqUR5X7R5BRXm9qImlbDXld5rvIV+YTTCdHKH7HPRpNFvH3UFhaxXUKwy8epXiKOyt+hbKH3s+URqewSaxlC8hP3tKSP3qbh2i1833Cod7xy1eOHlDkMDvLUyx9aF1FOVeZ4+4mlvjHUxxY/GUy9lfQe8PJHnsO+/3QX8E4L2i1LAYo/HkPTUy7cfVse8sZkwbVLXRdcPw1LVuTi8va9chtKx542oOQhPHCzCLyMvj31qJlVgrzbblHLNuG4hKZvLUPnhE048ooHz7UfwqrCY3DfW4aWve3YfRoovatIxXXg+mKs2ebBxP42uMob4QtsifGh6x365/hK5JnLEHl0H7p0meL0/fZtKmU+pn3NumUlWroA47+M4AaZbHzh/6B/rhhnl8+1o35xGUpIbrd8sRDuXuN6WCLJWZGb+2X1Cxg1bF4wLUWzeAEq3D5RtX3GWAJSW28k1v2lou9U6EulYdNFp+90N9DrRmEgvbHc5jsZvgcG8HXBV6Dtm3TEukTs1FZxE/a+ffBRdXx1hYH7ZWWJ/hR5333+7XpOg1BejbjlPVQyTpSYyhuJwauLlH1RfuQtBkmMpRHDuFp460HzRegSs3gh0wtjqd2+dK4vq8sl+VgZl48ifa+1AwnnTSSUltrZvasCXu3lU1n3IjdcWxqxvq4IHpqvYyOOPhuDLEKQaTT0rQIRbYV4IT1Jc29bZbAuxhhI8fsC8YwxsS8/oj4ZQt0Xrh1mNmOgFca2m5BtI7ESeS4bFF02yLov6T3gkfGhftp0rHzzy6h75QiOvPd7bK9SQYr8hbW463IL9h5sQwt1lPJvVUuj9LL3ERQ+3Ij+smYceuvX+Oejnggd7gTePk7/5N5kGLTZd6Gu3YsKMnmXza+H704PPK4or4SSAt5HhmD2O+KLLh1qr3k+iu+kf+7ZhJ4zZ3BGOw49kovcCRMp0Ie3f2t/GzJyugD9/cEvxXx6Hn2iU47OxqiP2vBI8QI0flSG5gNH8Ov/cRwe8aJrWKLLeTgjB44TovMXd8FjfqlgQLRpkOD+UrHPuAKV5j7yKOmikTuBVHuVV6XVjli+iiCUYy8ZXOpUcs5H6tpEKMdCdK0N5utNRVs53VeSi3yqTkWrVg91RPrKRtD4TUF5HcsVJCF5D4WMkyFieSORhrp0++guGuKBQf1MdiwZkD5M/OkjbUR6wJZfRaH698xtQaEywoWR6769J9AuPfWpq2Qyeae6XKVNXhTVudEd84vUaeiz+vgRRt+64uAXbboi2QrxQn23IB8e86swgSP2r4VEJSVjzGQIdV+0dhBGuLxejZbiRIzwGOayVOqylLaLMwkb4Ff6L+HS77rR8bNlmPXUMeDOapSHdMg+iiP+zUDGvwU+/O1qPGt/Grv5AVTfcxktS7+D9lFLseTvDUP50iUlxowMjLpyCa2eZyJM4vfgm2X0j9eNZdu70Udpu//r2+g3be5z1AgxvG+YPfN5NC/IRv8uF2Y9L+6fi/KHyMg+XI9lPzuBD0WkP57A7u+14O3P0+9vVGNpNtC+9G4K74SP5NGy/Fky+6OkM9n/AyzY0ok+mW4ZmsgaL1/4EMb+8aLqRKOo+pdxqa0ez9g84J8T/+sm0/OddnQcj0HOw5YOrK/zoWK2g2q3ew73t1qfQOmhyVPVBvcU2+QQLV00xBcRqA9EfGEnHNIzQ2XSXtYQXwEJ9l3hUdENEvHwoH5GRShX64stAeTXZMyXpwz6tjTKl09KZ1s/seZE2zrNs0eK1EUPNIa3K5nyElIeUbxF8cpbfrFisGTshJiEfZp3tAM1lXH0qKjljUSq62JFPsT2urE+IHvqY+u0uiU7ls61o6U3Tu/mUECTrVt7WTgIyWNpcGzIh0WJ4Y0rmmDG70P7zthaNDrJ5J1EWqVD9H4q0jdOMTx/vrr1EXVIkEHos/Y+Os8d+LKS3fPZt7cl8tgShmLMLyaKlVbE9SlG2Ue0F4/7trgir2AnO8YsDK6+iESkdujbUhM0uO2rF3EQaS5LuS5Labs4k7AB3r40D3l3TIXrO7txeaYHh9qd3pQuRW1DOcaebkTZHXmY1TYZ/8GlggKMxUMLy3G5vx+jFpRhmtoakbtgA2qplTqWlyBv0ndwaSYJ1whyYBQqmo/juaov4LXlU1GYV4ipyzuQvfIQzhx12loSjlEobTgEz53AiacWoPE0lePxfThUPw3naRCV5FGdp9Zgd8aXjbJcfxc2dXmx6muXsfs7ZSghebhPADdQUMR0Jq5VqDz5CAop3bJdl1H+7HH8THjqv1SNDY+TAb9/GaUtwXculZJiVGkkQq6lGNvbBNe0R9DxL7HIeTih3gBXyzrd9T3O3tiZa+CBtjVhj/iCuBUxIH2k3CwTZwzpIlOKZnp677YsO8b6xC6+4Sw8RsFlstbZ+pNzKdbUk0IXb9nL8FYgZg+FUK6ap99CLmqPGt9dNu9buFOYjsTMZvTUd2syp8M2AVXQJBMIr+yGp6uZSiqIUl71EGR5o9+C+KqCbrxSSVd4pMEt8jOM7njlbcTHoMiYCKkTyfZl/X6tqGyNp0dFK28kkqxLNKiux+U3sM38SXGs1TxXyY4lMYlVVVIthiH6tifxtY9WJ69mLslCi1cJ9T176hNrrXLrIuMjNSSTd5Jpj1p1l1jiN72pQR0S+WF+UPpsgQfFe4Jlchd5cVxth9H1iThcJ+mBT4YY2PWNMBTz55ZTbZ3Qyq50pPjbFGIbTqAPiMNR1ylI33pN/UGHi0aQZQXbrl+Snq90BllfaNjlGqkdcifoZSId4zjWYiDSXJZqXZbSdgmD3Ak+xHzY9qBffElk/Ul14apHbOaP7cWe4UzCL0ClEqcXL65WqK7hX4JKFKeXjFJM1JeOUkA67pFK4ng5KO2kbEwNft8aFjqIGUGIPjmC9ASTHMPUPkj6JcyU8FE/fAfrseDb9BR4zyosjbjPmWHsGFsBLC9fXs3Q07/p9RlRjBMvuHXDFfOyb7wYS9LD1tMaQpTyiqXOAqctfenAGFPhPYSx07HU8FQm+hc9GSb1CC+/ubrHXN2kTpcNFkNqgHd8+xaUPPgsTt3jwaEdxsuXDBMLxlv+EbavMMMKsYw7oP4UffKIfalqWVAehqE3fP90eIzlNb8gILYAvZyuh0r9D1eIwxhTqXjQu3b/nDvDMOln8HTZYHGdcIOr3wwTF6dPn8aECcP6b/YzDHMVwzqIYZiRhqm3hnYLCsMwDMMwDMNcY7ABzjAMwzAMwzBp5DO8A4VhGIZhGIZhBhdhc1933XXy92cuX7b/FUeGYRiGYRiGYVKJsLkzMjLk7898+KH8O40MwzAMwzAMwwwSwubOzMyUvz/zySef4E9/+pM8YRiGYRiGYRgmtQhbW9jcN9wg/l46GeB/8zd/gz//+c/4X//rf+Hjjz+W+1MYhmEYhmEYhkkcYVML21rY2MLWFja3SeA74MIyF4FXrlxhI5xhGIZhGIZhkkC8cCn2fIttJ6bn2wD4/wGIvZkUFg8LSgAAAABJRU5ErkJggg==\" /></p>\r\n\r\n<p>&nbsp;</p>\r\n\r\n<p>Cryptocurrency bertujuan untuk memberikan sistem keuangan yang lebih transparan, aman, dan tanpa perantara.</p>\r\n\r\n<p><strong>Contoh Cryptocurrency Populer</strong></p>\r\n\r\n<ul>\r\n	<li><strong>Bitcoin (BTC)</strong> &ndash; Mata uang digital pertama dan paling terkenal, sering disebut sebagai &quot;emas digital&quot;.</li>\r\n	<li><strong>Ethereum (ETH)</strong> &ndash; Selain sebagai mata uang, Ethereum memungkinkan pembuatan smart contract dan aplikasi terdesentralisasi (DApps).</li>\r\n	<li><strong>Binance Coin (BNB)</strong> &ndash; Token yang digunakan di ekosistem Binance, salah satu bursa crypto terbesar.</li>\r\n	<li><strong>Solana (SOL)</strong> &ndash; Dikenal karena kecepatan dan efisiensi dalam menjalankan aplikasi blockchain.</li>\r\n	<li><strong>Ripple (XRP)</strong> &ndash; Dirancang untuk mempermudah transaksi internasional dengan biaya rendah.</li>\r\n</ul>\r\n\r\n<p>Cryptocurrency semakin berkembang, dengan ribuan koin dan token yang memiliki fungsi berbeda-beda di berbagai ekosistem blockchain.</p>\r\n\r\n<p><strong>Kesimpulan:</strong></p>\r\n\r\n<ul>\r\n	<li><strong>Cryptocurrency = Uang digital yang berjalan di blockchain.</strong></li>\r\n	<li><strong>Lebih cepat, murah, dan aman dibanding uang biasa.</strong></li>\r\n	<li><strong>Tidak dikontrol oleh pemerintah atau bank.</strong></li>\r\n	<li><strong>Bitcoin dan Ethereum adalah contoh paling populer.</strong></li>\r\n</ul>', 'public/uploads/posts/1742071722Cryptocurrency_logos.jpg', '2025-03-15 13:48:42', '2025-03-15 13:52:38', NULL, 1);
INSERT INTO `posts` (`id`, `judul`, `slug`, `category_id`, `content`, `image`, `created_at`, `updated_at`, `deleted_at`, `users_id`) VALUES
(2, 'Bagaimana Cryptocurrency Bekerja?', 'bagaimana-cryptocurrency-bekerja', 1, '<h3><strong>Bagaimana Cryptocurrency Bekerja? (Penjelasan untuk Pemula &amp; Semua Level)</strong></h3>\r\n\r\n<p>Cryptocurrency bukan sekadar uang digital biasa. Keunggulannya ada pada <strong>teknologi blockchain</strong>, sistem yang membuatnya aman, transparan, dan bebas dari kontrol satu pihak tertentu.</p>\r\n\r\n<p>Mari kita bahas satu per satu dengan cara sederhana!</p>\r\n\r\n<p>&nbsp;</p>\r\n\r\n<h2><strong>Teknologi Blockchain Secara Sederhana</strong></h2>\r\n\r\n<p>Bayangkan blockchain seperti <strong>buku catatan digital raksasa</strong> 📖 yang mencatat semua transaksi. Bedanya dengan catatan biasa, setiap halaman (blok) dari buku ini:<br />\r\n✅ <strong>Dicatat secara permanen</strong> &ndash; Sekali ditulis, tidak bisa dihapus atau diubah.<br />\r\n✅ <strong>Diteruskan ke semua pengguna</strong> &ndash; Ribuan komputer di seluruh dunia punya salinannya.<br />\r\n✅ <strong>Sangat aman</strong> &ndash; Karena menggunakan kriptografi canggih.</p>\r\n\r\n<p>🔹 <strong>Contoh sederhana blockchain:</strong><br />\r\nMisalnya, kamu mengirim <strong>0.1 Bitcoin ke temanmu</strong>. Transaksi ini akan:<br />\r\n✔️ <strong>Dicatat dalam blok baru</strong> di dalam blockchain.<br />\r\n✔️ <strong>Diverifikasi oleh jaringan</strong> untuk memastikan tidak ada penipuan.<br />\r\n✔️ <strong>Ditambahkan ke catatan transaksi abadi</strong> yang tidak bisa diubah.</p>\r\n\r\n<p>Jadi, blockchain itu seperti <strong>buku kas digital global</strong> yang semua orang bisa lihat, tapi tidak ada yang bisa curangi.</p>\r\n\r\n<p><strong>Desentralisasi vs. Sistem Perbankan Tradisional</strong></p>\r\n\r\n<p><img src=\"data:image/png;base64,iVBORw0KGgoAAAANSUhEUgAAAukAAAE3CAYAAAAXGN/JAAAAAXNSR0IArs4c6QAAAARnQU1BAACxjwv8YQUAAAAJcEhZcwAADsMAAA7DAcdvqGQAAICDSURBVHhe7b0PfFXVme/98613wkwvwfYq9F5j4wcaTkUT4i0BphdkeoU4jJAOemLCnxuBSGwHAraCf3oMvBJOr6jTC0RbyTSjpijEHKUGlBKYt2K9HYRWQ1JSDrxwSYtzSWvfStpOw63zOe9ae6999p+z9z7nJCfhBH5fP1vO3mvt9edZz3rWs9dae+eqmACEEEIIIYSQrOH/Uv8SQgghhBBCsgQ66YQQQgghhGQZdNIJIYQQQgjJMuikE0IIIYQQkmXQSSeEEEIIISTLoJNOCCGEEEJIlkEnnRBCCCGEkCyDTjohhBBCCCFZhu8fMzp37hw+/PBD/OEPfwD/5hEhhBBCCCED56qrrsInP/lJXHvttcjLy1NX3XF10vv7+3HixAntd25uLnJycrRECRkMZ86cwfjx49UZIYQQCW0jIVcOH3/8Mf70pz/ht7/9La6++mp8/vOfx6hRo1SoHdftLtJBl4752LFjtRvpoBNCCCGEEDI4pGP+53/+55qP/e/+3b+LT4q7keCkyy0ukjFjxmj/EkIIIYQQQjKHdNZHjx6tzawbvreTBCdd7kGXW1wIIYQQQgghQ4N01D/1qU9pvrcbCU66fElUbnUhhBBCCCGEDB1yy4v0vd1IcNLle6Tcg04IIYQQQsjQImfTvb6g6PriKCGEEEIIIeTSQSedEEIIIYSQLINOOiGEEEIIIVkGnXRCCCGEEEKyDDrphBBCCCGEZBmZcdJ/uFb7s6b2Yy0OiaC+Hz6GO/9mLfae16MSMjAu4twPNmPp30w1dWzqndhyTAWTS0Kf6PtTp4q+3geca7rT0v/lMRkzgmvx/NvnROtdDhzCWlmvh6VlE/QdwmN/cyfWvuH+fdtBYU37zPO46/OzseVnKowQjXN4fr61v4lj6l147ECm9NGh76nwb6fxfPDzuKvptHZ6secAHgvOwGSjfJOFHiubnZ2+gaqzx7H2hyraYFD+kpHW6ReWCjv5HLr/TT93Rcq1egbu+na3ujC06Lb8TjzfI8rXdBc+f/sW//KRISOjM+nF1Q1o2GIcy3GzuNbX043TZ87g18Yo/eEh1ItOW/mC+19XIiSRPhz6xu2Y/cDzOIxb8ZUNUr/q8JWZo3HxgooyFFBX/enbi3VfPYDbwusxK/73z67FvMeUDdiwDDf/615srpmN279xSLTipaQbL917J6auT8PhSMZvz6D7zGmc+XW/upBBrGmPX4Zt63Lw3BoOlMSFa+ehThtz6xD8VDcitZXYckqFDTPd2+7H5osP4KmlE4DzEdx/Ry0i52/Gss26TahbeG3cZif4Bh58+HY97ppRqTmMQ8/NWG74MI/NE9ZMiPfOOv1cHMtv0mNljos4d7IbH/7inL8cLp7D6a4Pce7cr4d9wmNC9TY8/BfPYfW24XlAIHYy6qTnTZmDOX9tHJM0Bc9b+hpOnHgNy/L1OPjDGRz+2Yf4HQcbkiJ9b6zD/a99iElffwPH3tyOBxZK/VqMB/5+Fx6+TUUaCqirvpx+YQsOXb8MX51j/QvFY3DzTGUDFj6A7W8ewfYv5+LD19Zh609VlEvCr/H+u6fRl8kRLn8ZXjtxAq8tzVMXMogj7byFX8WcD57Dd34w3EM0yXo+dTNmaWPuYmx6ZJ64cA4f/m89aFgRD+Tf2X4Oc76yDBM+Ic5/fhiHhRfwleeEzf6ybhMWP2La7ATfwIP+U4fR/eHv1NlQcy0mGT7MzJuFNRMWbdIs/Vwckz6jx8ocOZj1zSM4cWQTZv2FuuTGX8zCpiMncOSbs8Qdw00eFn1lDs5t/w72/qu6RIaNId+Tbl020ZZ57tgMuRB2+qnZ6rpaspv/vDAtip7ncefnP487m/QrRhqbd2zGnTeLuOksv5ERzjm8+pxo7+u/gqdqJngYKLVE+eBziNTMUHp1GltuF9cqXoK5+PshXqpQ1wwda+zAoSfu0pdjb56B2qYOfcbXVVdlQB86dqzFXVNFfO2eqbhr/QF8aHHk+376PGrvmKyHf34yal8XJXDotMTWNwSHHpbx1+K5V+7HDBXXS/c/PPCYWYapd2Hzu8Y8tbFEHUHHtkqzXq/oy886cuuQ5X4RvuVYEnmpKybn8PaBc7h2XikmqCvu5GLWuocwXcht/9vGTIyQYVMtZk/W858sZ9vOqKB/69PaY6qsq1a3Wuw1Mj8vl87Vdicp9ycOx2fnDdlFjm1BpUp3Rm0Ep2W7aLK/H3tlxNfv18LkUrO7bD8U+S+Nly1RdhYcbXrx1Eu2dp+9rUO//rMI1hrlFsfkBZtx2Ci4V32d+vIX8xD8MnBg74HLZOsQyTgXP8SBH7wtutxiBP+Lunb+EDbfO9vcbvJXlr4Wt4GHsfdhaTdF+GSrLXGgbbv6PKaKfuIa4923cACzcMeXlJXOHSPs9Yd4+XsH0Ocy0WG3fxdxeodpE4xtMbJfz35Ks8LYfIe4bvgJfR14vtaol+hrRl8XGOk+dyCC2r/S05tRI8IvnkakNoV6+uBmo31lLOg7JsYDVQ4tzLHKYaSpW3Z3OZh23fR9PjywGUut9qb2eXTEq5R8HPC1Sw5y/jqIeaJ19/yQ1me4yaiTvveremNrh9XpNvjierzT8hVtUJ9w/y68885OLEp5Euo0nv/+GGx77wRObJ6lrpHLn9M4Lo3alFuTOIOCN/4Rh8vfxIkTb2BZ/gTM/7JQrmN7sN/Y89izBy8LgzenKqit8kjOPSscu+sewmt7XsDD//X/4MBT92KjNEQeunq6aSkqN72N3CUNeO2f3sD2+yfh3Cu1+Ju6Q5rzdPHtxzB78Wa8m7cMDZGDeKNxGfKQznaIvfjHnwbx5vETeKPa6Bx23Zf7wP9GDEpY+AIOvvMGNk0TD7r3rkbEurfz9S34zicfwBt7tmPxTWLwXl+PiHJ2z72wELMfiKBvdh1e2HMQr9X/FUb9ITV5xfm3n2vtMr14krrgw7XXafd/eP7X2qkmw6fexU0b3sA7//QClo0WzndlPTrEIPvhq6tx/wuncasME3VrmA38Wv615D4x6JSJAQ6L8MI/vYM36qeJeizF6lesjw97seXZMXjgTdEuSyZpDzL1r4rwvEXY+c7TmCOj/PXTIt13sP6L2g0Cp105jsNnilEXeUcr21c02a2OP0h504Eng/U48Gd6+Q6++ADy/lVf1/91x2GMWiTbSpT7m3OQ8/PnsTSsHra86uvChJuErLv+X1FiQiyc2ozZcsydLJywjtuw6aWHUCxnsiUnD+PMF+rwmtC9gy9+BZPkg+4a+9h8ems9Dn/pRRyM1GFOTjeer9kqtNmB7H+Vm9F9y8PY+c1Z4tE7kdOnfg4UTEexMSP8hTXYvnQC+l6vxdSiO7F2R4ers67x0ydx16YDyFki+8lBvLA6Dxf/P2FfQu9g1/2aFcZXWkSfbF6EPLk/e3mlcLJvQt0eWa9lyBV9feF/t5b6NLZ89+cI/oOyBcIuL5y5Goe+2Ig3RN+cDlHPb/zjAPuSw0b7yfh8BKsrNuNAThCb5HiwcQL2flebLnDHQw5O9DFA5PGFh3Qb/s354gl+MyqXO/wun3HAzy4l8IkJuPkWYR1P0voMN0O3J/3R23Cduh4nJxfXXiMXkAS51+Laa3ORYxiTpORg8aPCaRr+tR4yUpj2EB6xbL2YcM8yFIvhZs9B3SqdOxjB6ZzFWPzXFiW6axMaqqdjghhclm1ej1nC1d574LCHrh7C8091C691PbavnoNJ10/ArNUvYNvCHPS99jIO/OuH2NMknN9rl6Gx8QHMuSUPE257AA9L5zdlpuOhdXOQa+sXVt0/h1ef3Yu+yXVo/Np05F07AcENcqb6MF7+gcU8T/4qwqJeeQWzUHe/XAI/jMNdMqADz/8PUYfbNgnDvhjTC/IwScjgK8JpTUleBufO4edi4Lx5vDpPGV2GOQu3oeGuCbj2+ul44NHFyOl7CZH/qaIo/mz0BMz5ZgOWCfGde20r9vYJ5/kZMcBefy0m3LUBD00TtXplj2VQKsZXNy4T4aJdHv0qtFr/9LgYYHJEE47WV2FyRou2vBa58So57cosPCzablaBaHNZtpUyFfGgaJkZS8onRiNv2jK8sE6fTMhb8jQ23TVJtJUs98P4aoG42H3GPpgKrPV1Iy9fCPvDc9AfdQhRxPekP42v5B/GY/Nn4rG31YznbQ8LWzULE4Tu5U17AGu+LK6dOm5zTnPuqcOmv56AvFsW44H7hEN88TDetz2U/hoHHl8tXNN52P6PaiuLC+dOi1QnjYepvrmY/sgbOLJ7E4ITz2HvpkpM/RvxQJBkAnvUX+RhevUL2raYHGl7lUkfc434/SnRUf/n89j8M9FvGxoQFP1U1mv9EmGDd0TUbLREhH+9TvRjYQu+vlz0auHYfuGreHrhJEyY9hUsu1Nc+OBcQh9MDYeN9pHxuR+8LCxvHr7yjJCBGg+2b9DtQjKscrCjxoDrv4LtFhu+67Fi4GdNiFhfMPccB1K3Szp5GC9Uw5hoIcPH0O1J/6LX1oSBkieUSf0kVxDX6e1+9pzLlgsHn9FnbON8Joglc4Rbume/uPccDnz/NHLumoPplkEmL8/iEf3FaIyW/3rN9nxwBnLDxoTiYptu62kI5+nXx9Hxrvj5X6abM1lpcy2uS9Bzq+4Lh1Ea4WP12nKrtmo14zFhesXYai33jXmmLK5W/0o+eB/vi/F7wrTpibNhKchrQPScEQ69yHOisPLi9/vi98WdS81Vt8UvaasQ/aL81979NBrumYDD6+/E1MmTcdcT+tL66Z9LyXeg3lg2/vwMPCZlrXwRHSEnY8/oJ/5M/UiGw678m9zOtBn3B2dgxozJ+PxXfWa9bBRjTfPDmPO757H0r8R9f1WLl87ohZNfuNjy4FLc+VczMPXm2dhsWe72qi8hKRPfkz4PD3znaSzO6UPkDWkRBL/twEtP3I+7hO7NmPx53P+6ftmK1Qa6Tpr9zy14/I2LmL7W+oJ46uTeFMSm3cdw5CXh4Pe8hPvVNjAbX1iDF4Xje0F+6eQ/y61qL+H0xyrMwblTmgXBS/catuDzqNyhWRAtXMdiCwy7nqse1AUTJsjZ+YHisNE+Mj59UtqtYtwqHWBFjiiPJynJ4TROyzHAsbp87fWyHYXltvrRXuOAwM8ukexhyPekp4TsOb+9YA5O/2YbeckVzSTMv0cYn2NP4okfpOu+5GDeksXIOXYAb70dwUun8rBs0XQVpnOhz5LmeX1mJWe0mkF3cv14URphIjs6bL7huXPyrpswPm8CJtwifv7kfdtMlYYwkFLNrfnZnOqU0ZcdMa1OW6aUWzeMY+dCywOHFx510EkurzjXiYcn+cCQbIZZOL0Htm0RMWfhq+WifPnjcau4nLtwu63s8tC2oHziWszZ+BqOHXsHL9w/Ad0v3I/QDy7qWz0wHXX77fdoy98ynwxx+tm7tO1MeatfxPe//yMca5CzT6mRO3kZGt46gWNvbsKcfz2A+q98B6f/dS/W3lGL5/91Dp566ft485/fwMOWAdurvm6cEw84yBmjvcxGSHJOY0uwEvX/Mw9r/uH7+P5bx9AgZ3nT5b88gPCXc8WD5F2o99nHfd1nhDvoORMr+scXgpg/Xti9jvdd4uRqK/HvdB7Ttl78nwP1uH+7+9aKvALNgmBxo8MWvLNeWIjhxl/GeTdKN/rnOGNZmfjwAy8JSVKRg/s4o6eb4upmMruUwDmcEZl5jo1kyBh+J105K+d+cgjd7x7AoQ/ycGuxuPLhy3iy6bB4Sj6E+ofkoE6IzoT7nsay/IvY+8BUzFj8GJ5//QAO/OAlbPmqGDTeVpG8mDYfwZzDeHLtyzgnnKglDkP04XfX4bEfnMaHQu+2hOReTOGYVhTrgQm6OgvBJbnAgY24f9sBdH9wGoebarF650XkLlmCWZ/IEw8UYpj44DncW7MFB352Dqff3oLNrwvjef2tuFWq+c4n8fy78no91n1rIFqehznzhMP67lY89vJxaLuef3scezZF8L7f1wHiGHVYi7vWv4TDp86h+7XH8NyPVXASecX5i/G4SYzJPz/lrMMFHP+RbB9x7NyMyllTUfvGaAS/8xTmabNw0zHnrlz07azHlrd/pc199Z9/C03b3kKfkM+5HY9h89uiPX4nBv3rr9PkL8n70nzxcHEYWzfuwPHfyisin9cfR6TLiJGcUfJ/3W/j0M9EW6pvNTs5Jx7UJH+WI9L97ft4cnuqM+mHsPmBl4ROfIjf5eQhb5y6/Ntf4wPtRw5ycvrxqze24DuWGSuv+rqhrSZ88VbxOEiIhX+7gA8//BCn390rbOJavHQxF8E7pbt6TjhuMsKfIUfYhgtdT+I7LjPpybkOs765Ew/fcg4v3bsUz3s8mE+YeLO2zePnavLh3I5aLF3/PPZKWyCOl75xP7aIeyfNm5P4YP32ZtTu7Ma53/4OOdfn2bfKfkL2inM4/KNuHD5wCOemzEEwtw8vhbfgrfOaBcGv3m4S9qTPt/8MDf4ynvAlWdfT2PxgvRgPTqP7B/VYu02uK3rgJ4c45jhz/zeUDRfp1mzqEPZ7GeYn+VqORhK7lMC/6Su402+l9Rluht9Jv/5uPLR0Ai7+sB53LW/SnqiLV2/Hspsu4vBTSzE7+B2MXrTMtoxDrnD+ohgPtx1Ew9LpGPWzCDY/XIvaB+rxck8uxrtbMQvFWFSdh76+PhTPv8O+HUYwYekyXPu9uzBj/v147ifCQW98DQ8Yjqmbrj56ELvWTcM54ZzfdfudWCoM7rR1u3DwUd2xv/ae7Xjjm/MwtuM51AZn487avcJpk+5hMdY0LsOki4e1LwHctX20KNfAtDxv6QuqDPfjzhkzMONv12GPcAxTTU3WYfvfTcfF1+uxdL4oyxPC+fuUCkwiLxN9heN0yx7HA/WH2LtJto84ntiD//Nf6rDrn9/Bpi8Z6+Q5mFX/JhruyUV73V2YLco/e/Fz+PlnPqcNSKNEhgdq78QMcf3O8GncJmQbvlMMvfnL8ELLw5h27nncP19uRbkT6/blIC+VAUljFpZtnIVrT72E+4Nr8bbHy5mz7tuEOZ85jedFG81YsQe3/m2qM+nXYcy5rUInRNluX4pXc4JoeOkBTNB0SDxUyT/cIsq88dezcLflwcezvk7+dS8iYvCfIxyc4XdESFZz5jlUSv25dy2e6xiLYMOb2HSb1BKp83Nw7ZnnsVTo5b1v3Iq75V7sgfCJCVj2j9vFg3Y3Nlfqf7zMSY54kJ6DvWhTK0GjPjsWfW9/B2ulLRBH/cFczHtsF15w+2TpdWPwwf9Q9mD5q8i5pwG7VuoWLe+uh7Bs/EUc2nQXlsq/WSE/R9jWgODodjwmbOyMGbOxcPvPhS1IOhgMAUlkXPAAdjUEMUl++Sl4J2reyMMDj2ivsLvjIwcrcpw5uCWI3IPKhj+4BxBxDza6vOTvRhK75OTiDyKiZedgvvHlHjJsXBUTqN8actlo/PhU1ksISY8zZ85cEt3q/h/SKb4JT7/XgHnGbLP8/Ngdm4F1By1fUSESV3m50bcX908NYfR3juBpGu8hRX5Wbvb26eKBp24Q7zuQbOVS2cZMo9mO/2cxDu6RX7UilwfyM9mz8Z1pu3BEvpxKhgRpA+RkjZPs2JNOyBBwsU/fyrF6+znkLqn2dzhJ+vLKnYenvjMHbz8ccp1ZIxnizPNY/dSvsfg7dNBJdjNp9XY8nLMZq5u4YfVy4XTTamzuXYxGtVpMhhfOpJNhY3hni/Sn/82ncjDpnqfRuGEOrrU6OJxJd5BEXoSQIeNymUknhAwMr5l0Oulk2OBARAghidA2EnJl4+Wkc7sLIYQQQgghWQaddEIIIYQQQrIMOumEEEIIIYRkGXTSCSGEEEIIyTLopBNCCCGEEJJl0EknhBBCCCEky6CTTgghhBBCSJbh+p10QgghhBBCyPCQ0h8zOnnyJCZOnKjOCMkc1C1CCEmEtpGQKxsvG8DtLoQQQgghhGQZdNIJIYQQQgjJMuikE0IIIYQQkmXQSSeEEEIIISTLoJNOCCGEEEJIlkEnnRBCCCGEkCyDTjohhBBCCCFZBp10QgghhBBCsgw66YQQQgghhGQZdNIJIYQQQgjJMjLkpPejZ/cqzCwYi9zcXO0YW1yPIzLo4yga/rYAMzd3ajEJSYt91XGdch7V+4CerSXInd6AHhU9kXZU55ag4Yw69UFLq6ZdnWWW9ppclGz1LuVIQ9YnLivZRr5t4Efq7UOymRTaUevL1SImyRRaP7TZxUzJtwcN03UbOyDONKDkSmxrrd5DZc8G2SZkRJIRJ733hXIU3tuM80W1aHpxB3a8+DRWjOvHRzLwYg+iP+3F2Z7zwpUnJE3mNqGvr087uuoDQGUkft40F8hfcxR9h2uRr6ITydA7vqWNog0aS9UZGckM5cOpidDJik6EO5pArcksgfquuE2MVLYiOORtSTwZX4ujfUdRO16dJ2F4+h4ZyWTEST/240PAuHV49dU6lC8oQ9mCGoT3h3Vj/MlSPPPLPvzy26UYpcUmhBByJdGzNYTWynDKzgsZGKULyoHO6ABXtQgh2UZGnPRrrhHud28jtu65oK5YkbN6lqVx9KL90fkoHKuW5z5dgCUvRFWYEbcN0e1LUPBpGWcsZq5uQ+/Heoz+95tRPeuG+PLe2BkhHHLLtrsehSJ89vZedUHwQSNmx6+lUo5mHAnPxtiEcMEHbVg1Q23vGTsToe0hlIjfl9OWhhFBwlYLfUnQ0I+SrZY201Btaxye2zRUOl7hjm04znbXZkgsedhLYS+j/xK1vbxmPh710JZbg2gVOYaKzeuJ223k/V6z7cayqr2c1mVWtxmgqLXOtrA06qvkmrCk67Z8blta9m5Xo6zWrQG+7aXievXlxPT0clnTSLjXpi9Wuat22CfrYk/PxFo3I641jlO+1vSNtnSkocJlHQrrhHbuCmphutxVmbaqMsfb0iFjv3a00YO2nVGUL7DMoWttZ6aVoFtueai+3h4PV/Wwytaid0Y7mRiyUKcJcku1PtmKqM/jrSjfYFlZ9LFTiXrsrfNGe3mGO3Sjeo+6bJCpcsTb0N52TnuRKR3SsJXdpW9tVbqs2RzVd1Qcv7q59z1n2RPrZpe1tTzksiTmIBqNql9p8NFbsW98YXRs9GhxfGF5bPuPP1IBkv2x5fL6iv3x82/ctTG2//j52Pmet2Ibb5P3TYltO62HaXGvy4vNW/d67NjxY7HX183Q0p2y5ax299nnlsdWfu9Y7Oz587ET31scy7OlbeVEbOPNIuy/bo+dV1fObpki0loce+X38iyFcoz+XOzuLW/Fzh7fH3tQC58Xe1Em9qd3Yw/mifO8ebGN7SdiZ997MbZysgw3y0kSGZBuWdDaz9nWby6PjZ62Laa0I7Ztmr0N9q+wtqtAxF/+pvqt2tk4N9PX03HXK539K5aLuxWyDKPNcy2deJkEWrilXKe3xZbHy5hYZiuy/GbY2dj+N9Vvn3ro55Y6C+zpSBLjmKj6W8NFmadYzm1t4VK/Kdby+NbXUg4tHf8ymXVMLIOXPLR41vI48knaXg6c6ek6Zomv3e+tH9p5PD+9rE4dNnXPXpd4eDw9Z3yBLT9nfFVeS31tctRQZXK5ZpWJXW4y3KvtnGHOttwv9Fr/5WwLW9kc7WK0QzzcT0c1HPmm0Q+HmoHaRkP34oetvjLcWw8N+bn3C4usnP05gWQ6OphyODHStoS7tXuGdMhZVu3c2VcteemycJTFp262smmINFc4yu7Mz6cvk5GLlw3IjJMu+dNHsWPfWxmbcZ1UotGxW9a9FdNddb0DO41HHNVpdCVWcS2OdSx2LLbxc+LabW6K6NZJTM4/d7tI+/bY9nPyTI973dfe0sISSFaONkt4+0rt9+LWP+phkvc2xj4nrl0qIz8SGHInXTOwFoOqYTeaTqzOq5G+Zvi89NUVax66nsWNssKajxPXeilSLYs9/cQ6J+bvJ5fkdbCV2TZw6aReX1WONx2Doxu2fNzLaOBZVg3rvRloL812WPXOLtvEtGSeRrhLO1jr6SJbm5676nyS+jnuSZRPkjLFscZzuSeODLOWUS9Tonzd2sJyr7MMTofKcb9/uyeSGH/4GIyTbpWjVoeEdjKwt5G/fIzf8h5vmWkk09EE0imHE/cwUw5u4QPXIf++65VX6nVLqnM2Obrk5ytnMpLwsgGZ+wTj1WNQtOQZ/OhffomDawLoea4c9f+swqx8fAFHtocQnFWAAvk1mIpWFWBhwo0Yp34CY3DNfxD/XNTP+s+0oX75fJTcVIAbPl2IULd+3Y1xS+5HGY7glb29gLivuXsUqv52lh6YbjmuVv8Kek4eE/8PYNp/tuyyH3MNrlE/ySUi2oHopGLRMn7Yl0mDu9Rlg11BBDvD6Er2UqRtuV5uLzGIoqM7gGL/QtiWP7UlTw/kC5oR6Muh1i0cSesxBARuTlIpH/zrG0WoIoSiliQvXM2tQHl3M9rk8q7szwhj/Vw9aODySK29fAkInfPUux5EO0UudYXxsuXmSrsl8vVu9jg9J8XNRQHvF6NddT4fgSKg86TXloH0cS+HkNuk1OphJx+1h7tQtVPJJL69QLYF0FphtqPetzoRdVvSHx9AkfgvMIh97qn2w5FC/pqI6BWqj0g87VRqtFYE0Vnfpb2k70VSHZUMshzJMG1TJnVocH13wFi31xSHRI3IlUzmnHQD4axP/W/3CPPdj3ffSxwkoptnYPa6dtz42F68884p/OqlchVi4cIF80swH59Fj+xc147BqD+04r7iJWj4w3w07X8HP/lfRxGepEdz5ZPlWHHfKBzZsx/tOxsR/WwtVtymB6VUDg/yPztR/N/RUc/1WBwockmQzlK3cFrUqcaZqDDPBtKRK0THBv1LCPrXEFSQQWUEkaIQCm0OsQM54BR3IKzS6OuLwNQeN8dFN/YG0jEI3Wx+kUH7ao0P2pdUZLyFzapcKdRjCIgeH9hwkby+AYRbwugUA2vi/ksrpaiojKJ5j5DAnmZgYZlyDAYrD//2Ghy6w1zeYpbNOPwcHxvOFwGlY65+uuq8omiir9uUFvkTpdfv9kJiqg84TidJOuqqreRDqOaoy74jdKHDKavUv5aRDun2w5GB7qRq+Nqp1ChviaBIOKnee8Q9dMOqoxkoRzJM25RJHcpA300X6aA/XowuI6+OsKgRuZLJgJPeg8bF87FqayvadreJoxGr7qkXHXQy7pmbOEj0fKB35ZycUcBv3sVjT7s8U+/7BpZsPYSeX3SiefUqNAqPvWzpPRj3m/PKEIwS9/ejt7UeT/rMpEtmlVdh1NshVD/Xg6m1NXGFT6kcXvzXv0aZ+Ke1RjwwvB1F9O0GLKlu5CcmLzXarEgrQpYBpf0J60yEHMCsTkU7WlxmXLXZaz9H3Tl7ua/FMjOkG/bWxy337ttoWfHRHUDTgdJfqnNHOJ81ZjraYKiRWj2syJmm6M62eFrtNclns+x1qEZwVznCa9J1/FKsb6AWR8WAlMxRL30kDOwMIlhXZClL+vIwkY6/X3sNHvnFjdaKgb2UmD+/SjjhIWyMy0ToxOOWlhtfhqpJjs/uqbaqyKQjoa1ihBC0vfAXRAhVKEvq/EjHyfog1I5qS3nNWdB8lC0EQos8+l2aaP1lV0tc7lp5B9QPRw7aV3QmqTbxtVOpUoom4VT7Ourag6KPjmakHHa8bVNmdWgwfXcgOFcl5GTEyNdKMhgy4KSPwo3jPsL+p6ux5N4l4liL18eU4+l/2uv65Fr6wDMouz6KhnmFKLi7BdMWuTxTB9eh4vh9KLxlBlbt6kfZU0fx3aBwpj9bhU0rJ4tOuQolBSX4em+pGKDUPV785QrUfvYCLlyYinvmmZtoUiqHF58sx7P/FEbZv29DaF4JZn4jinsa6zQjNMqyLYYMN+aAYiwXtiywztqUYn29MODyqydaeAvgMeNa2tiFsHBBCt3enp+7XoWpdHbDNjMUd/Lj4RWWmd181G6Qhl+F5QbRIYyyO8Lht+ZTAUS0b8Inq4clXD1o6MvgZlp2ubhTLga7YDzvgX7jOo36ym8Mt6i4VqfTinRKxbAVraywlCX1dnXDbGt1v629MsDcJnTVd5qylIffSo0Vq0y0e4PABuvsmr51JNyptkTJQ+pJX+ptlb8mjHLHFyYSSexbhTur0JXS3yiQjlMArbuNNhVOu6W8Wjpqe5n8uwe2viMPL11IhpC79t1wlU5QtLK58ppOP8xurNsxCsXDq24jBEnsVOqIthcP0JD5uOmt1FH1gG3I0qajGSuHiZ9tyrQODbjvpoCz71nP5RE8XmTp6+RK5Cq5MV391jh58iQmTpTbOS4F8tNCQbTKP1iTqT+U8nEn6otn4KnJTdqWFssu8oxyYUcQN/xdO6pe7cMzc9RFYuPS6hZJHXP7yJAt6w6Y4ShbNtdfYCyJj6g/4iVtewjFHUOzdWWkQ9uYKlneNwkZIF42IPN70rOGflzQtsssxlO/GIOaVZl00HvQWLMKjQc60dMbxaHvrsIM4aDjs+tQ8yUVhRCScfQtFtYXRjOPvi0iw9tFMoZwditaEYjvxx8plKKppQih4pH+LXJCCBk+Ll8n/cw/YLbcLhO5BlUv/QRP/6W6nhFG4TNXv4v6ihkoLCjB/Idex6j5YRw8VIcibnchJPOor0PYlvMzhPOPh2h5pLFdZGix/uESeehf2zia9rsBWcDcJvRljVwJIST7ybLtLuRyhrpFCCGJ0DYScmVzBW53IYQQQgghZGRCJ50QQgghhJAsg046IYQQQgghWQaddEIIIYQQQrIMOumEEEIIIYRkGXTSCSGEEEIIyTLopBNCCCGEEJJl0EknhBBCCCEky6CTTgghhBBCSJZBJ50QQgghhJAsg076kNOO6txc5Na0i9/96HyhGjNvEOfy2tiZqN4V1aOREUvP1hLkTm9Aj3Ym27sEDWe0kyuYHjRMz0X1PnWalBTltq9a9J1qEZsQQgi5vKGT7kknGueV4IbVmXQHenHoe52YvGEHdrz4NKr+0zG01gRR362CyYgkf81R9B2uRb46HwztNbko2aq7+8SFuU3oqu9EUHvoJYQQQi5f6KR7ch7vvh3FhX51mhHyUbv/KJ65rwxlC2rwzH8vF9d60PuBHkoISU7+/CoEdrVwNp0QQshlTUacdG25P7cET+1pxpKb9K0cBXc3I9ofRfPigvjWjtDbF9QdggtH0LC4EGNlWO5YFC4W8T/Wg+RsolzSbj5aj9ljVXqWcHEzjmxdgoJPm2FPLdfviQ/cIv3Gmpm4QcXJvWEmVu3pVYFJ8jjTgJLcIFplxF1BLUwu2xv1DG0PoUSmq2bzeveEML94rJ6PVpcGHLFU1cbV6t+Po2h4QuQwpgZVX1LXiCe67PV2kodttllugZjegAatTY0tFmqbkXHEt6MIVPx2a5qOmVlbfiLMd4Zbpecaqm3PUGXS9Mq+VUPLR8tb3x4S3AVE6wrFPe5bP4z4uv7KQ0/PWl5nOe2ys+avtpjsk+VyCxeo8muHITObrOxy9l0FsKYlD4fMbTji2tIdX4aqSa1oSXkrDSGEEDLyyOBMehT1WzpR9epRRL4yGb0HVmF2wRK0f+lVHN1bh1k4hoa/2yZiCaSDWjZbOO2T8fThU+jaW4tr9oj43ziipaTTivonrkHdT1R6InztDt3J7n1hCWbXtWFU5TN452dH8awYsLdFtCAdlf7afdegpukddB2OYN0XzooHhilYdcA6Ne6Rx2dX4OCpJpTJKAuacOrUKXwr7kiLtF++Bjv+pQ99jaW4IJyJKcIpP/vFTdhzuAvvfPseQDjts8s8nDaNXrTeK+r/L2VoOvw0phqOO3FFOpmFdUWI9AmZa0cERcKRte137g6hY4Ee3jRXnO9rAVrM+OUifKMjfggRPbwjjIB4GDPS0/LbWYUuI78FLZrznDbS0azoRLhDlcmXfNQe7kOkEgjUd4l8j6J2vApyIsraouoaqWxFUDixQaMuLeXCyd8Yd7SddUncKhJF6HEo2XYhLPpSPFwrvxEmjpeBUJ31HQrpoAdtci6qC7rvK7fIQo8r8uoMejr17bst+TrqJGUVKAI6T/o8EBBCCCEjnZiDaDSqfqXO2S1TYqNHXxd78JC68PtXYnePHh0bfc8rsT+qS/u/Ks5HL4/tlyftK+3xBe+uu05cW6mF718h494e235OD4v96fXYcpneChl6NrbtNvH75o2xE3qo4I+xV+5xpj86trjVyF3wp7diD14n4qgy+ech2e84t9Tzx+qCa1lisfPP3S7ifS628T15lpjOH1sX2/O+QhiIbmkynjY6tvxNdarQ2sKQ6ZvLY6OnbRMxvZHtPWWLiuES3wx3z892vxNberK9p8S2vbktNkX+e1q7qHNaXlM6qrDVQ+Cbj8AZX8vblqbKX8vXrS4y3Ihvjauw1MWtLMnkLsPd5OhaLze5WcsSJzEsQQ6EjGAGZhsJIZcLXjYggzPp+cjPUz8/OQZj5L9jxmCUdgEIBALqF9DT/a74fz8a55nL2bOfkzPcf9TCdfJx4/Xq59VGKpIoou+Lf744DWaKo2RWcXpOHhP/D2Daf7bcd/WNyJczkz3nYW568crDD1HPceqna1mAcZ+VrxD24ux5/dxJb6+cAczHZ+LpEG+i6OgOoNgqYEH+RDmVGvVZrdC3jxj6lfpMuHt+6RFFqCKEohaf2fBMEShGYJI41KkdWRegtcKUQ662jasT0aRfn+lBtBMomuj9OmzPSRGhO4TCeNq5KKwTfeK484tFHmnJsnd3iFK6oG0NspaZEEIIubK4JC+O5k+aJv4/BjWvntK2kpjHt3CbHsUH4SRPFP/YHDThEJ9WPwX5EyeL/0fx7nuWrS0fn0WPdEyKAiKFTBFA4Fbxz4/ftTkavb+QJfN29PJX/gh9fU0o4zaXFBBynCScTTdPzrMtpYNeiI4NxtYKfRtJ6jjz053M1Akg3BJGp3CObVtyhh0pO1GW+BYT40j94cG5pcTqgGsPSpVqm431aCxVMQx8tqe4PWBIB724A+F4mhHIV6ydBG4e1JMUIYQQktVcmq+7fLEMVWMuoHFdPfb/i3Sk+9F7YBvqD3wUn3n3JoCyBcI16w5hyUNt6OzuRNtDi7H2qAqWfKkKNWOAtq+Vo353J3q6D6Hh3iVo7BcPBsucDoQ3fy7/19mO9vfb0G5NP04+7lk2C/jFUwj+XSMOdfegc/daBNcdAW6rxT0ejlCv9jJqAUKuaRI7+ShbGEBrheOFx4pWlC/wakvnbHg7WlKeSS9FhXDoWx+3vmi6EaF0P5MZqMXRDoejPj6AIlheeBTOaNC2xzvTSNkBoUV+70d4ocvdthdclDdklePcCpRb9vL7UbpA7iu37lcXD1KLQsDCMpGTg2gHolbnfV+LYya9B207o76z/IQQQshI59I46Z8sxTOHdwhH/XWsmlWIgoJCzH66E/kTUtv/EXj4IHYsnYzoc0swY8bdeOX6b+IZbaZUc6uBq6fi6Y6DCN92VjjnM1A4fT7qj89CeP/P8PRf6lGSU4rabaUY192I4Kz70P57ddnBuKWt6HqxCtfsWYv50wsxo7oFWLoDXZEqcDdLZpDfIddeeLRsf5AvK3q/jFmK9fXCOS024os2SWMmvbSxC2FYtnHsrkhzJl4xXjjqLeX6dhPtZcxSNBnnMt1FQLjePhtc+kgY8Pm6S7pI2UWK7FtSfL+qYkG7V72Y6l5eUR/1IBJP26vcc5vQ11JkaZNCNC/swtE1Lo723PUO+cMxky4fwspRkfRlXEIIIWTkcpXcmK5+a5w8eRITJ8r9JCOIj48gdNNsNPynMLoOZeaPypDMMyJ1S8PcPpP8Ky2XN/LTj6GbPZzrYUL7Ys3xsMu2GkJGJiPXNhJCMoGXDbg0M+mD5UAIwXArDnX3ouf9NtQH70ZDL1BaW0UHnWScnq1BhDhzq31GMbgrgKr5l7CXiTJon+Okg04IIeQyZ2Q66eOuQe8LKzF/egEKZy1Bw/EbUfViF3YELZ94IWSA2P/4j/xiifxGexOuOLdQftvcIgf9O+fD8MUaP+S2mSuxLQghhFxxXB7bXciIgLpFCCGJ0DYScmVzeW13IYQQQggh5DKGTjohhBBCCCFZBp10QgghhBBCsgw66YQQQgghhGQZdNIJIYQQQgjJMuikE0IIIYQQkmXQSSeEEEIIISTLcP1OOiGEEEIIIWR4cPtOOv+YERk2qFuEEJIIbSMhVzb8Y0aEEEIIIYSMEOikE0IIIYQQkmXQSSeEEEIIISTLoJNOCCGEEEJIlkEnnRBCCCGEkCyDTjohhBBCCCFZBp10QgghhBBCsgw66YQQQgghhGQZdNIJIYQQQgjJMuikE0IIIYQQkmVkxknfV43c3FxU71PngujWmdq1YOSCukLIYOlBw/Rc5Na0q/PsoGdrSdaVKX3aUe3ow05Sr6dMqwQNZ9RpJjnTgJLcapEDIaS9RthD0W/Nw9o3kvfpTCDLULK1R/ut2YjpDcJSEz+uKDlJ/9CvrppNH6Lx4jJgaGbS/3ktZtcdw5jKCJqCY9RFQgbJvo0IFZWjfFcLnbTBkuDslqKprw9Nc9Up0bg8HsCykSF8kLvCCNR3oU/0XXlEKlsRjOvr8Pfp/DVH0Xe4FvnqPG0uwUP4pejjqcrJ+gB02TK+Fkf7jqJ2vDonNjLvpF8QxveeRly4NYyD3y4FXXSSKdp3t6J8QRMqxEAUutwNFyGEpEnpgnKgM8qZbEIuEzLspPegoSwI4Uoh0laLwNXqsuTCETQsLsRYbUluLAoXNyP6sR7U/34zqmfdEF+yGzsjhEPGLhntyVo8Tf59G5oXF+hxCoJoPtmP6AtLUPBpPb2Zjx6Cfks/Ol+oxswb9LTsYfqTqVwSbD5aj9lj9TgFlrLgg3aE5hnlFMdNS0ReKixelkNorVFlGTsTobe5pWfoaUfLrnJUzNUHoujONttAZMyGmMu/+myMdl21pX1GQl8KNsJsy3Fqea7dcm/qMy1qS048Pe989DI36PHjs4rqfrd8k5bLp05WZDrFIURFTw3G09DztS2Nq21s+lGNNnXZwCpbeXguq6t03MMd9U2YRbPXqXqPumxgK6P/rJO9vJZ8PNKQulRYFwV2BbXrWvldZvoM3XPHXn5b+Wz5WmeV5T3ifKsKr9mR2DaO9vKsW0JaieU0ym9LwxIvsX5OXfGqo0fbajKU40QUoWJx3U1PpWyc1zV5qTQ8290om7VMzhl7e7n0uM44IxFRr8fF6LvBmKFNtZ3s1z3thsKmJyKu6CEmtnZT+W/Vx03zukc55L0Jdkldd4sv8NZ7O/Z4pkxc+7jAK37G+r9NTno54vlp13XZBXcB0bpCcd2inzZ5WPVW6fE+JW9x6PlZy2Atu6Ef1nAjPafuSPRrepr6b7Mc3rKPYy23pe7xchv1UH6WEddLf+1pXMbEHESjUfUrDd5cHhs9enRsym0zxL9TYk86k/jTidi220bHRuctjr14/Hzs7KGNsRkift66d7Xgs88tj6383rHY2fPnYye+tziWJ8JGr9ivhcVOb4tNkeefuj32YPuJ2In2B7V7R+flxaYs2h47dvyt2JN3XifyvSW28bi84Wxs+4qVsRffOxs7f/5E7MVFeVrZlr+ppRbbv0LcK84/d9e22Fs9J2L718kyj47Ne/68HqH9G7G7N+2PnRBlMco5eto2kaogXpYpsZWvnYidfW97bHGeOL/uwZheE+LHgHTLQOqYoROx/bHlQs+2nVangrNbpri285QtWsspHV0u7lSIcyOunp55b1yfjXtVu5vx7Wh5a2U7G9s2TeQbL6fAJx+9zNZ66PfH81XnKZfLr05OtHst8nDNyxJu6H68biL+CtUv5Jmsi9FPtLxVvbR07G1lQ6S73FFfs/7OOujh1nLtX2FvU1uZrTjr++b+lNIw21aRIDeXOBakHlrbc/+b6rezrPLcJj+7HiXkYYlvl70zbmJaTrT4Io5T74zzxPrZdcWzjknb1kcvXMKt+Xi3mZuOiPO4fJzlUOG+ZRl6Bmob9bJbjoG0k5Cf2cecfc6OU9d02VvStemxagtr/IT0He3s0r8829qnT9sR5fC0VercKTev+Jns/0aaNpmJWKIexm/7/QJr/SW2e3XZ2ssq9cKI79R91T6W9DR9Uvcn1Mtad/Hbu2870Mos0rWkpeUTP7fqgJ6WVT/2G79FOqnq6UjEywZk1Em/W3Qm6WDP2HJCBSjaV4rw62IPHlLngnfXScd6ZVw5TJTiOBTtuq+9pYXGYn+MvXKPVKy7Y6/8Xl3S0vdoMHW/oUCacoy+Pbb9nHYqHiBe1xXbp5PZjYK1LLHYiaeFIl9iAz9SGLiT7uy4ertYjUKCQXEaM61Te7eTLT2b4dNx5mfFyFvTFQ89MrCm42sEDWRZjDhplssvLDEvu4zd7vUbjOzpKVm/Ka+l1zdsebjU11VGcXzaWLsvlbLY00iljfzk4qUTifKV8jfydamHI1/z/sS+od/vaAuferuW3yL7xPBEXfGqvxV7OumWyy++NcxFHlbZuepP8rIMNYNx0q16pMks3mcG1k6JumngpmuO+LY+6xLfpU/LMsfvd20fK5a20uIOoN0ceSTqt4Mk+uN3v6fMrXKQvz3q7GyLxLaRMjZk4NRjXf7W+PayurSPrX729Pzq6StDlzb3ziexzF546+nIxMsGZHS7y5gFz6JpyRgcq5uN6n3mFpCe7nfF//vROM9cqpj9XL+49kctvP9MG+qXz0fJTQW44dOFCHVrl23k59+ofo3CGG2j+xiM+aR2AZgQQED9lPn07K5H9bwSFNx0g1o+c5KPG69XP68epX4ofnMEjY8GMVOUpWCsvtzkxCyLKI11Sw8ZGoR+NAudaK0w9UdfBtzovcQWKEZgkjjUaSL25Tq3dk6LXUEEO8PoaixVFwzSyCfaYS71GkdFaxp7TDNVpx5EO4GiiUlea7IuXyb0syhCFSEUtSR/Ici61KstPSt6TspCBPxfrrItjcotFB7Il5M6qtAst1eIuLZl3FTTGACljX2IQF9KN5dndfnqy9hGvtLuRdGRaKx0RPnDla1o0cqtb/0Kr5GSEfc4+oZeh05EB7N9Q/Yf9TMZ7nXU8WrbVMifX4WA8ZL4vha0VoZNXRpom8k+5msXRjb5ayIIoxltLm3v3U6p2g2pawEUD0J4Wp/uDqEw3na6XkSP++iGV1v79WknvrbKhXTje+DXN+LMbUJfC5Tdt25fcZKu3chHoCgFO+5JKSoqo2jeI0vdg7adQPgRc3wbTN/G+ABE0VzIR+3hLlTtVHV02WZn5DnoMXuEkOE96aNQuu0gwrdeEIPGPDSovdz5k6aJ/49BzauncOqU9fgWbvtDK+4rXoKGP8xH0/538JP/dRThSfp9A6E/ch8K723AhflNOPjWT/DLw+E0DHIU9bNmY+0Pb0Tdq+/gnZ//CjsqVRC5ZPTsaUa0MhL/goF+dAk9MZyWdJGdvRAdG8z0IoNtZ1G+SJEYfBIGvzTy0R4shKOv4saPlL6WkMk66ca986R9SLENpHIQe7zYLGuHs58FEG4Jo1M4j36DpzT0oZvNr1N01Zup5E+UhXA8oGgPMgo5eBd3IGyUoS+CchXkivYVAT0ejHKlm8YAkAO1VreFzUo/dPmWtxh5mofflzjkuxitu8WgpTmsFWIIlQinaZKQdYczrUF+LcEq5xRIrKN/26bE+DJUqT6uvzSuHITBtlm3o25nouKR5nJBf2jzIrGd0rEbUtecDqHuOKaK1qcTbLk4EiY3FMna2q1PO0lqqxykGz8Jbn0jAemoa3nJhw4vR31gdmMwxN//khNlqEKZsimD7tu+fU466nq62gOO5qgPwZg9Qsj8112uDqD2+TAm4xhCt69C+x/EtS8KYzvmAhrX1WP/v8gZ9H70HtiG+gMfYdRvziulHYWcHHG9tR5P+hiZZPT2qi6Qk4NRF3vREn4yjcGmB72/kP/mIOffAx+99xieukKe1rIX+QQfNQfoOPkoWxjQnZa0cc4IyZlJ9XMQaLMmNkc9zXykU4IQgpYXo1Ins3UK3Bywr1SIwTJkSc85y609SKnfcQJypsvPUXfO2OttHUc+tHSHsDF+rzDUj1vmTJ2zotJ5VT8TEAOvWQbpbKif6aQh0WaALA+HQi5Bz1kkUd4ac1DWHBSF5nBXpPCylZW5FdrnR6utDqvWD4DQIo/BP1V2hewvoFWYLyBq5bZ89rRna9Cy2ulVxyRtmxJisN4g5PR4CUKdYaw3HJF028yKlKGIbf06VPsTA58pzTZ6tobQOsl0pky82ikdu6E7ia2PW3RNfhY3nfFa0+Gg74O7Db+29urTDlKyVRZ842eo/1vp2Vpt9j3PGWadAdmNwTB3vbYyE1wUQpHlheS0+7bTjov0UL9eTTRYEbbHMnsuxyGdoRmzRwKZd9Il4ul2b0s5xlxoRvXX2nHhk6V45vAO4ai/jlWzClFQUIjZT3cif8I44LNV2LRysuhwq1BSUIKv95aiahAz6flLNqFWaHn76hIUTPk6eudWmR08KaWo3VaGcScbMP+WAsxrnYb/FlRB5NKgDQL6V12c6MvhVuciVUqxvl44NmqZNDe3BcjQU3lpY5cwanI5V86GpJuPnEGIoMi2nJlkGTdOmnmp7RO2ryhYkN/x7arvNLfeLALC1lnuNWFtsDXKGDxe5N7P5EyXsAXadoyEfJQTJsO0dILoEINjHHmvcvKNcGywzGppA4hl6Xw3vGdUhcNvplOI5oVd+uxTkjSs9dTboRRNRn1kfIdc7Ainxpp2BRAxVkXmNtnlKw+vWbY4cvm5Fa1Wh1Ug20p7OLSm5dKmvlRWAYuM+4PorFfykYiyat/fVmkHhcTM1U6vOiZpW6u++tVbOnXdwgFYWKbLTZJOuycg2k/oFCx9rGVB5ldPhhPr9ofCuiJTx2x4tVN6diM+EWGks7sizRlNXf5mX5SHZebYaZf82tqrTztIZqucfdw/fob6v4X8iVb5Cxtn2SJY+oihq0pGA7Ibg0GfBIjaxuBkfduFSWEU7zbiFyJUFMFRbbueE+GId5qyL9xZpbaQDt2Yne1cJTemq98aJ0+exMSJQmsIyTDULUKyD/kJucLjYe8tB5cU+dm1EIo7hvCPncS3VDQJV+DSQNtIspXstg+XD142YGhm0gkhhJBB0l4TtL8wmnH0pfdofI8/ISSOtp3H/sIoGV7opBNCCMku5Mt7ubkeX0waDMIpt3whwlh65ywhIVZUPylO7QtdZOjgdhcybFC3CCEkEdpGQq5suN2FEEIIIYSQEQKddEIIIYQQQrIMOumEEEIIIYRkGXTSCSGEEEIIyTLopBNCCCGEEJJl0EknhBBCCCEky6CTTgghhBBCSJZBJ50QQgghhJAsg046IYQQQgghWQaddEIIIYQQQrIMOukk6+nZWoLcmnZ1logWPr0BPep8SDjTgJLcauilaEd1bi6q92knhBCSJUjbVIKGM+qUEDKioZNORjz5a46i73At8tX50FOKpr4+NM1Vp2nDgZQQQggh/tBJJ4QQQgghJMugk05GDNq2ltxc/bBuf9lXbdvu0l6j4sjDct12vzj8t6voW1ricfeoyxo9aJhu3q9vx2nQruVaZsjt+amtMtq2mSBaEUWoWFyPl8+en337jj2sZOuQbuwhhIwYdFtk2oaoum7itHtx+2HbwifR7YxpFy12TtnYdi8bTAgZEuikk5HBriCCiKCvr08cXQh3Bt2dVTGYBDvD6NLi9aFrQ0AF9KDteJV5vT6A1se99rHLwSoItOhxZX7FO0PCrfZhVzPwsox7FLXj9YGxcKc1v04E5aA2vhZH+yIoRwDhDhFmbNPZ12LJT4R3h7BRDZbtNUF01nepMFH3ifp1QsiVjHSiC9G80LANfQgfD6FVhUo0O1RXhIgKl7alqK5Qd7zHl6FqUitaDKdc2CB5b+tuw/mOoqO7HBXGtj5hk0KGDe4IIyBssv9EByFksNBJJyODygiOrjF2neejdkM5ojvb3J3s7o64Q50/t1TtVRf3NJr71vPnVyFgiWdDDlaTwlgf33Mu7n1ZDErqzJXKsOac64gHgp1RlG+w5LcmjPJdLZZZKwdzmyx73EtRUQl0njRrFz0erxFK5xqpEkKuWM60oVk40eG4XRSWo1FOABgoO9TSJCyKQSnWywkKzRHPR9nCQNzO9JzsRHm9sHOdUd2uSjtYWWHeK2xixMhrfC3CDhtFCMk8dNLJyCRQ7O40C2e3rwUIakuyjpcz5ZKtsVRb7D0zLgcrFAXiDnb6yBkooLVC5aUdcotLJ6KeL4val62Du9RlQWljHyII6mG2bTCEkCuWaAeikzzsoIa0QwEUOyLkTywS3rXuiMvf+mSHdOiLULGmDFVoRpuwU+27W1G+wHTvCSHDD510MjKRA5T6mYB01LUlWTHcFCtHXTrojxfHt59oy7V67ASsg1gcv/wSEAPjJLWdxchPO/StMInoy9YdG8y4kUoVpJCOurzetbAZhXTUCSFyosK5Gngmik71U7dDwlF3M1zGJMTcCpR3C6d8Xxuai+SsuZxdB5r3tCPamejgE0KGFzrpZGSwK2SZFW9HdUWrbTuJQc/WajPe+ACEu63hnB3v2dPs7XRrg5+5J1xzoh+37vRMhj7QhRal6kw7Z7za0RKfSRd515jpaA8QhBCi2bdWhCzv5rQ/YV0h1LeztFY4Xg6VtjM+Qy631kXR/HgzitQ1uRUQO0NoRhXKXCcVCCHDBZ10MjKoFAPHInPriHyR0u075fkThXMsv5qi4qFFn73W94SrLSNyO8nxIu9lYvlyZ0cYnfHtKiKdDUn2pDuQ326PFIVQqPLTjvjXEOS+UFVObVbccq7FbRH1VVHFQBuAJZ0KIDKs34QnhGQn8u816C+CGjamZYF1T7puh7SX1g37oV6It9rO0gXliHYXmS+ISue/W7j6C8toZwi5xFwVE6jfGidPnsTEifx8BMk81C1CCEmEtpGQKxsvG8CZdEIIIYQQQrIMOumEEEIIIYRkGXTSCSGEEEIIyTLopBNCCCGEEJJl0EknhBBCCCEky6CTTgghhBBCSJZBJ50QQgghhJAsg046IYQQQgghWQaddEIIIYQQQrIMOumEEEIIIYRkGVfFBOq3hvzTpIQQQgghhJDhYeLEieqXiauT7haRkMFC3SKEkERoGwm5svGyAdzuQgghhBBCSJZBJ50QQgghhJAsg046IYQQQgghWQaddEIIIYQQQrIMOumEEEIIIYRkGXTSCSGEEEIIyTLopBNCCCGEEJJl0EknhBBCCCEky6CTTgghhBBCSJZBJ50QQgghhJAsY/BO+r5q5ObmehzVaFfRiOLjKBr+tgAzN3eqCyQVeraW2HSrZGuPCiFpIfvr9AakIz1N9p73tKM6twQNZ9RpAjI8F9X71OkQ0V5j6oS9vD1omG7mL+Pl1hhWKVnZM493OZ0kK5u9XgNngOkMQI8M/OtN0kHTZ4td1A7KVtexeD9PDbttcDAIfb+UeNub4bJ9g7RTZxpQ4lnOTNlAdwaiQ0PB4J30ojXY8eIO7Xg6OE5cGIfyp/TzHS+uwWQ9FjG42IPoT3txtuc8+tUl4o80NIXHw+jr61NHF6oQVaHZS7Z08sGSv+Yo+g7XIl+dp0cpmkSbNc1Vp8OAX3lLG4X+NJaqs8FhHQAHwuDkOnK5Uus9VATquyy2sQ+RohAK03DABmunBtsPsoVM2oZsJFP9bljHtfG1ONp3FLXj1fkVyOCd9OuLULagTDvumHyNuHANiufo52ULioTLTmx8shTP/LIPv/x2KUapS8QP8VDTCZQvsBrPfNSuuXyNKSGEDBTpbHbVA6EnRv4EASFXOkO8J11f6s5d/hSa7y5Arnq673+/GdWzbogvz42dEcKhC/od2lOaiPfUD1tRfVNiOD6+gPZHZ+KGT+thuTcsQWuvuK4ti4gn+r8/ooWPlWGfLsCSrUeg39qPzheqMfMGdV/uWMx89JAK02cD5Pacp14IokCmI2cGPmhHaF6hnpY8blqC5pPqhnh+h9BaI+smwsfOROhtI8V+RLcvQeFYde/YQtQfldeVTC6DGdbhIR+BIqB1t5+8lEzVYc7qGMthlnBN7vp1Pb51xsllCdC5zOnY3uU1g6TN/tdFgV1BLZ6+JKfS36rSSCiLPKxbxFT8fbquuYeb9zrr7Z6mHUPv9XCP9FJa6rXea5WhY0lS9RsjD3Op0p53svx0O2HGta2r+JTXdRYo6iVfLznq14O7xK11heK6Q2csDLScJl5ydcGhmwn1dMjeVXcNu2YJ03XEOOy6FLXWz5afjw7a6m3oRxr1JEnJn1+FwK6WuMxteigOo9+52ynv+HY8+oFq3walN/q9Pv1bxW/30qVB2wyli0a4R3qutsHBYPTdtX5aWex9Sr9m9IHhsYtamLjHS7aGPRi4vnj1b3nd0d9t5XQJT8Aue3vePvJLpnc2HDo0nMQcRKNR9St9zm6ZEhs9ekps22l1IbY/tnz0aHEtL7a87SN1TcR7bnls5feOxc6ePx878b3FsTwZZ8V+PUxLQ5x/YWXs9eNnY8f+QQ+/bt27Wvj55+eJ8Otidz9/Inb+/InY619drOd3eltsiox33S2xxVveip04/lZs26I8Le7yN/8oU45tX7Ey9uJ7Z7X7XtTCRoswLdnY/hWynKNjeStej330J/1arP0bsbs37Y+dEOU8e2hjbIYs17RtIiWBym/0p6bEVr52Inb2ve2xxXni/LoHY1pJf/xg7DoRPuWxt0Q9z8be2jIv9g0tLyUTVd8riYHr1tnYtml6+xjtZaLL07wuzw0dNO5bLq4aYfLc1FGt3eNtYb1X8eZys80F+1cYaQlkWDztRDRdtrWzS9sLPVq+xUhdL++U+LmKH89f1UfdL8tuxj0b2/+m+u2XpqU+Wt1tdfNIzyEDO4ZMveSi56+3j/W3ZL/IQ/0U99jb0K2tdTS5Wsuj5edeR2ee9jbxl69/2zjllUh65XSSjlwFWphVdx3l1eyV3TZv08Is6SibZpW7vX/IOm3T83fWxXlvijpohFnr6dTLK4GB2kZvHZT6Y7GDK0x5OvUy0U75x3eSUAalG1Y9ktfMc0f/9tUli35qpGYzzDop/YrXzzu9RDlY8C2jfu6r7ynXz1EOP7k5SGgnZ77yPB5u0Q8tnt022POxxBUkyknUwVNflPw9+7c9bQ2vciZgpG0J12RrOfeTn1M+jjY166ny8dKNDOFlA4bHSb/zxdh5dSURJQDVKHoa18UePKSHxmInYk9+wQy3OukfSd9bIp1qJeDrvvaWfk3y+1did8v8v+oiXBXfaCBNcUbPi73oXVAVRymbS34nnrbU3+Kkn/+9Hq6V05DJEDd4NjIY3dJRsnM6LvEOrSN1SG9XXbesRk1rQ6vskxkEl/RNXOJbMDu5gX98if0e//Ik1MUDW5rq/v3ymqNenumlLQOr3BN/x42iD7Is7vES21Rii28rrz1+OvJ14mxP7zJK0i2nk3Tk6lEWS/rJ5Snzc5RXs3GWvmbFpex+8nDTQT2mi5z88r1MGVon3YFDvk69TiBJeySUwVevdWz3+OqSrh9eemXFmqZRJ3nNXjfv9HzlkDF91/Guv0t/sOCdp/t93vko/XhTtm1yGyjrY6STnr4k69/JbLCPHqdSZwfe8tCxhnvr0NDgZQOG5xOM/+kztr3p/WfaUL98PkpuKsANny5EqFsFxMlHfp76iVEYdbX6KRi35LvYsTSAt1eX4IaxcstKe3zLiiQ//0b1S/DJMRgj//1Y/q8fPbvrUT2vBAU33YDc4pDLq4dj8RlrQX9zBI2PBjFTlLNgrL6s58San7Wc+Ms67K0vw0fPzkfBf8xFweJGRLVykIGjv4TYVd+JoFp26jnZCXTLF6XUcpU45HJc9Hhi60oCNwe0Y8DYlkqDaFWXB4N1O4G2lJgicu9pBPqyo3MZzjdNIa9gXREijpeI/NJLD32LUiL5qD3chaqdcmlc5OGzXOzW13Si6OgOoHgQTZgOA22boSmnl1z19zaKJjpeCQsUI9DdIUriEW6htSKIzvou+wu+UXHvJJGGOk2XgcuODJozUXSiCAHjhTu1nUE7XMc+B+nGT0qq/dvJIGzGriCCnWF02V4G9UtvcAxY3+dWoLy7GW1yS4fwjZoRxvp4PxxKuxhFqCKEohb7i5npjqkaGdeXgWMf3weqdwpXHRpehsdJt/KHVtxXvAQNf5iPpv3v4Cf/6yjCk1RYKlw9DmXbfoRf/eoU9jwYwLFng1j5ffM7KR99ZHHZPzgrmkg4z9dcg/7IfSi8twEX5jfh4Fs/wS8Ph5MMPlHUz5qNtT+8EXWvvoN3fv4r7KhUQSkxBlPX7MCpX/0KR79dhv49axH8+0upupcP2n5LzfkQvycKr6UyYvu6gXYMRaeSDnpxB8LxfCIoV0EDRRr20M3m1xm66tNzibQvEsj7FjajUDnWSdOcFEZEPug490IK3NJLH90pdEcOknoe2gOBNkhKQ1qIjg36dS3Ms6+JgWiSGJBsXckvv4EzuLYZinJ63a87750nXVpLc7J9whXlLREU1RXa96nHnfz0Gaxek8HR/kQIqF8PzQpKB+rxYnSptujrSDL2pRs/Ken0bzcGaDPEuKB96SbBjrmlNzgGp++lqKiMonlPD3r2NAMLy0QJJUNtFwMIt4TRWWHfx532mJpxfRkc5sPEYPVO4KlDw8fwO+m/Oa8qOwo5Of3oba3Hkwkz6d70bF+F0IEoeoUv/pn8cQlfSOndWo1Vu0V4dzvqV9bjiOyQS6eit1eJOCcHoy72oiX8ZJLBpwe9v5D/5iDn3wvn/73H8FQ6T2EHQljy3U70/OYCRn02H59Rl0m6iI5WY+8g0pDFZ/jkLIR42k18UWUg6IZOGkuddlRXWObKnTOL+1oGOZOuG1FzhrMHbTtTdYnsctEMq0ZqaQbWHBUDidVR90ovFaK2L0n0bA0iZJsNMhDytAyI5oyHcxaoHS2efU29SPy4RSf2bXRZjRssg2kbSSbKmapcxTC/oBzRuqDlBSvRnouEo6YG/MTwdjTYXhyVq1QOR318GaomtSJoabOerQ1KX/wYrOzIwJGOSa42+xdZo8tfmxktko9qOpr9VL/dSDd+ctLp304GZzO01UGbk+WV3mAYvL6XPhIGdga1Fc6wardhsYuBWhwVTrXNUU9zTB2cviQZc1PAXudqBHeVKxkORu9MEnVoeBl+J/2zVdi0crIQ5iqUFJTg672lYiBQYSkwaizQtrgEBQUFKHkoitL6g3g2aLrqgZW1GPfcTBRMD+KpH9+I2lffQZ1IP3/JJtQKJW5fLe6d8nX0zq1K8rRXitptZRh3sgHzbynAvNZp+G9BFZQK465Bz+MzUCjKWfi3zRi1dAcOPpwJg3ClIYyPcE1sS287q9AV36ohnAtlZIzwgX8dQjzQvSyMpfalAplOCypaLHPlc9cLF8lSlt3wnUnPXxPWjJ2M627wRH4bytEaL3sQHcLYpYZDLhVQ21dST1N+NzdSKZwwrXxe6aVCAOGbW1R+cmk0cSuNjjCYnWo7jYwn21GbnSnFevnJuGKVt5A7fGY84kZTpZO7uyL9GZKkJJejNrD6fN1l8OVMVa6CuU3oaymyyLAQzQu7cNQY8BPCRX3iToWB3pe0OmkDkpDB4S6EbW0mS5WMweg1SRf9yyqGrNXMoUVPrHZIHsHjRbY2dNqpZPGdJOsHUq/S6d92Bm8zShuFDmu2TZbPK73BkAF9lw/EwqmMVlaImhkMk12U3yIX45xWfu0Bxn9MHay+2BGy8xtzU6B8IbQxTLu/ohPhjiYlw8HonR27DqmLw8RVcmO6+q1x8uRJTJw4UZ2NILStCCGg3jIwkaxixOoWIYQMIbSNVzpyBUR/wBrOP/xGsgcvGzD8M+mEEEIIIUTDbysbubKhk04IIYQQMtyor4X5bmUjVzSXj5Mu91X19XGrCyGEEEKyH+W39PUZ+6gJscOZdEIIIYQQQrIMOumEEEIIIYRkGXTSCSGEEEIIyTLopBNCCCGEEJJl0EknhBBCCCEky6CTTgghhBBCSJZBJ50QQgghhJAs46qYQP3WkH+alBBCCCGEEDI8TJw4Uf0ycXXS3SISMlioW4QQkghtIyFXNl42gNtdCCGEEEIIyTLopBNCCCGEEJJl0EknhBBCCCEky6CTTgghhBBCSJZBJ50QQgghhJAsg046IYQQQgghWQaddEIIIYQQQrIMOumEEEIIIYRkGXTSCSGEEEIIyTLopBNCCCGEEJJlZMZJ31eN3NxcyzEWhYsbcOSCCv84ioa/LcDMzZ3qwjDSH0Xj4kKMVeWa+Wg7LnyswlzpQcN0EXd6g/iluNCO6hvEtVvq0el7LxkSEvQrF9X7VJigvUZcq2lXZ5cHPVtLUqyTrq9WeaSETabVGNHSk3Wx9tcUGLk6I2yRQ//JlYumx/F+7OzLw68rmbRbtj46gD6eMQaT96UsN0mb1PXXZKjHkozOpE9dswM7XtyBpoen4aM9Icz+u1b0y4CLPYj+tBdne87r58PIkcdnY+3bk/H04VPoerUKHz0bxMrvp1OKXjQvDqL1wmSEX6tD0dXqctbRicZ5Jbhh9dApyyVlUhhdfX3ok0dLOVorzMGotFFcayxVZyQpZxpQUgFElDy76jsRTNHISINUsnXkDznZqDOpyLa9JojO+i40zdXOhBNWgoYzWlBWcrnoSzYTEPqg2UVxRCpbLX25FE3imq4rI48rza4PR1/Jnv6Y/bYrVYZaTzPqpOd/sQxlC8pQHnoGD00SF86dFy6u4JOleOaXffjlt0sxSp4PG7040XUBmHMPqiaNQ/6XbsNUcfXC740p/uREtwax6u0xKG/Zi9qJ6mJWch7vvh3FheF+CroUzK1AuXgoiV4GHfySMakYAfUzf2KR+iWQMz9DOCtABoF4uArtKkd4Tb66QIid0gXlQGeUM7eEXCYMyZ70/s5X8Eo3MGvZPdCHE33ZLT74f9CO0DxjC4o4blqC5pMyoB+ti8X52LU4ZNlWcujrY9W1fnS+UI2ZcuuJdq/cvnII3i73ONwRnAVEQggJB7b53pVoHVOO2gXjVLg/Fw6swuy6Y5hcfxBNc8eoqzq9e1aZ5bhhpkjfUor+HrStnokbPq3Cb6rHERXkfZ8hozZEty9BgXavqN/qNvQqWfS/34zqWTfo94pj7IwQDsnb5cxobhCtMtKuoBamLSN6ylmg3SOeqv/+EFprCvTwsY56ZCk9W0NorQyjdrxxbl2iUtuVjDrHl3/dllf1a/rMgtd9LqglzIYaPa6RplYO1/vVrME+Xeau6cs0LWFt6rKBPW23ZWKlP9qRZIZifBmqEEJQ1lubVe9E+JFkMwG6fIK7xINrXaGZh6ssrGURh3W5V8Vvt9bH9lBgv9ec9fFJ04GcLTLl655e0mVN1T+c9yXoiTUNVbcea1vayumlYx6yddCzpxnRygpoLRXv81GEiu35eOqha1up60Z8Ea61jaVe3ronZeul1+51SpS7Hs9WFqMMRpqOdrKVR4Rxtt5AyPLxVpRvqFXjrkO26jwuO6OtNF2y6IlEu2boYep9LxGv/mxgL5NZVtXOjraP+uiFFeNe3RbIQ6+fVXfsZfGQjQXvvJPf649+v2v/t/ZNm13Q76neqvqebBOXdjRl6JWHT9kT+qK6x1omRxvY+qY4rO0Zx8N26WUV9kkrT3LdS2xjR5tq+ZhhdrtlXvfWZyUbI9wjPVPGQ0TMQTQaVb/S4M3lsdGjR1uOz8XmPbE/dv5PKjy2P7ZcXl+xXz9t/0bs7k37YyfOn4+dPbQxNkOGTdsWOyuC/ti6WNx/XezBQ3rU2J/0e2/ZdEKcnI1tX7Ey9uJ7Z2Pnz5+IvbgoT8tv+Zt6VFd+L+7/lF6uzy17JXb2j+q6J2dj26aJ+J+bEZuRNzp23bLXYx+pEIOPRH3zRHoz/u+3Ymfj5ZgXe/GcDBX33ybzuyW28h/eip3oORZ7sfbJ2FtJ71Myui4vNm/d67Fjx4/FXl83Qyv3lC1SMiLl55bHVn7vmLj3fOzE9xZraWky/dMfYx+dfyW2WJ5XvSJkcz72kaynj5xjp7fFpsjzT02JrXztROzse9tji0V9R1/3YOxdGT4EDEi3JAn6tVxIy+Tslimmbol6LVfyMtoyLj9rPIkmA5WWz30JqPJY9U5L25CtcR7PS7VtPFzpmBGupWepk9E28ftF/BWOtJ1pWe7fv8KalztaHCVPZz086y2Q99nCXWQhr5nnet3j5yp+PA1VVyPcnv7Z2P431e9kaar6OuvulV6CLljRyjQltu20Ohf5bdPScOqFfu6smzVdrTzGeRIdS5Ctg8RwKQdrOVW9LPW31VOVz5SjQLs2UN1LotcCZ5kT5e4uw/g9Dv1w1i8h/ghloLZR0y/ZBsbhJ1tP/XPEEzj1xgxz9D0H9vZ1xrXqq9IVq/46+p2zDH564US71xJuyCl+v4vee/bNZHknu9eqrz4k9G9nGW1pKflZ09bKZYkvsLeHSx5p1NuQaTw9LT+r/RH3e9oKJx62y3FNlsGuP6bcnW2sl9e4X6+L9d79lni+aWr1U/KNy847PfOeweFlAzLqpN/+2Oux118Txz+sjE2RjvFtRgPpgvCqiN6BlHL96a3Yg9cJ5/hr0q0VaGnfHtuuObIOVGexKZ2V6IuxecLx/Nxd34itlI7zp26PbdOqdyL25BdEHuvc3FHVOF8QDSnvyRPlsnnpIlxe/6/bY+fVldh5kY8ox4xnRDl+/GDsOvH77u85Xfsk9xkysobHjsU2fk5ci8vRiipnvBP4y1hik7OSXVzOghNPu3SSDDIoJz3BGJnl9Osk9jApo4Hc58BZHtUWZgeWyLwMg2nPV8OSRoLhFPjmr9XfSNslb1u4Ez2+mZ/SI5WXLIu9HnYSypogi0Rs97jEt4bL3571tuCW5n4pM5e03dLzk68tbStucpV5G+m4ycKnLZxl8MxXIcMTdcyqV0n0MInsDVLXPX+9ljjTT0zbUWbfMrrVz70OI43BOOkJ8o3Lz11eBra2sMnd/z4/eXunqSPDU23LZGmlXA6JvN/WD11010LG8na51wtnmol5SJkZZXaRn4utccrBr9wS37Jr6SezNxZ8bJ+b/BPazAVr+RPjW8uj//arq4FbmvKaW9pu6aVS7lTwsgFDsie97L5nsPe/TwXeb0ZbfHnGwm+OoPHRIGbeVICCsfoSTJyrZ2HFmnz079ijbXlp390KlNyDL18vA/vRs7se1fNKUHDTDcgtDiGq3eRGLxq/ugqHJj6Nd14N45m2g1hXeASh2+ejeU8bXjkJlE617MV1cnUx1j8fxuQLrQiWNSAa334TRcf74p+ja1FgLH0UiHzEpX4Rp+e9d0UpA5j1Rfv2mGT3xZlwI8zNOGNwzX8Q/1zUz/rPtKF++XyUCLnd8OlChLr16574yVmRn3+j+gWMytqXYh2Mr0WkHqId3ReprMtfhXVWDSlFRWVU3deDtp2wbfPwvi8Zom1FW7RWmPfnast5qeyb70G0EyiamGSfsXWJ0Vfvk7BvI0IIIxLf15yP2sNdCHcGtaXTUGcY6wf9opl9CdVN77yQL+FEoG/Zsi9DJkmzO4RgXREih42lfh3v9LzwaY9oh5C7sAeqDNpRIeyT3x7g8QFYrczAdSwV0tXDYda9QSPrF0BxQJ2SBPLXRETv9hh3BZ76J9/z6Vb3iXGmWaRi2oGB9eeek0K5RL8sVPcZeUaPe2tQ4OYhatxAMQKW93DcGEzfzHy/1vumvjXFSFuO+aIPZLgDplx2zZYVIaC2mbqScVsx0LFEH9eqdir5+WxPSkhzVxBBMQ522V4G9UtvaBmSPen+RFE/azbW/vBG1L36Dt75+a+wo1IFKQJLazG1vxl7DrSiWQiw7KtVmuPaH7kPhfc24ML8Jhx86yf45eGwT6c7hnePin/yP6M7vWOmoq4tgnLhFq9aXI/orWGEg0leYxXO4N6Wcox5X36ppl3tfReDxK3in9ueRtepUzhlOQ7el4/8iZNFYBTvvud8g9P/vjgXLphfwPn4LHqk0bx2DEb9oRX3FS9Bwx/mo2n/O/jJ/zqKsHw515Pkch7JeBl6aXBCN5tfO+iqt2uIfLEqurNNyFUORFUoUwYn2X3+iLadFEC4Q7/XPI7G9817k4+A8OI6T9rdPFv9pOF7vNj8uk2Hn94PBGGAXg6jsy6Eovh+1oEiDWAhOjaYcoikqXfa2/Livq6FzSjUHOsU0pwkHjzkV2pc9oMmpueHe3toaAO95StDxuF4MLBxJipcZJ3B6ZiOa7niDEwPL63upYvTSdGdGWKgP6i54a9/5gSGfPcBC8uUTg+8P2svpFdG4vfFD58vYfg58EPJYPpmJvp1IrodKm+xyE0dmfxaT0bLnnFbMdixRDrW6j45UaM51imkKXQ2UiQeLhPGCrf0hp6MOukXL/Si9xedaP/uKsx79Ahwq+kEmfSIOPLfHOT8e+Cj9x7DU84nmeu/jKrb+tFc83W0jarBir/VneneXiWynByMutiLlvCTwiR5cRv+er74JxLCqh2d6BH3dv4/7+KC4Zef6UA0hXckx8x9Fk1LxuCCeLqa96zMPx9l9whH/O16rPruMXwkI/3mGF55qBnvflL8/lIVasYAbTUzRfghRIU8mlc/JR4NktxnsO8bWLL1EHq0+1ahUXjsZUvvwbjfnFcKM0pUvx+9rfV40mGM/1z+r7Md7e+3of1oCnIeqZyRX7kIoGq+0zVyzgzK2XKHhsxdr800BRdZHdIU7vNFtO1CILQolZnaROTsUbRuo+lcavVTvwXajFRRQJVVnMsXCNXvtNFmzELYaHuhpx3Vataj9fGB1cHEOdvZjpaU9U4Y0Bozf/OrM6mlGVhzVAwyVkfdKz1/tAe5uqDlJa12NMgXkqwv3Hphk63IX+gZ6tcLF2iwOqb0xNeJSVcPZfxh1D2B1ga7WuL59WwNJl8RjCMdSYeOypWhlO+//NFeqp/kPu4m07/SR8LAzqC2ImV+QWgQ/VnaGjFuur48qLC3ZTWCl+TrRYPpm2ncq714mPpLpdIOWT81nBRtprsVLYa8RX5B31n9wdskK5m2FYMbS8SYZnGizRWa1NLUVmBtjrpXekNPRp30tpoCFNwyA8Gvv4L+uWEcbHObYSpF7bYyjDvZgPm3FGBe6zT8t6AKijMO9ywtQ/+FCxi1ZD5mqW0Y+Us2oVbY+PbVJSiY8nX0zq3yeVIbhfKmo3im8hq8vnoGCgsKMWN1O8asPYhTh922sXgxCqXbDiJ8K3Ds0SVoOCnKsXIvDtbPwlkxwJQUiDrPqMYrOTfqZbl6Kp7uiGDdF/vxytfno0TII3QM+JQI8r3PILgOFcfvQ6G4b9WufpQ9dRTflTP+n63CppXCyd+3Stxbgq/3lqLKNpMu5VqKcd2NCM66D+2/T0XOIwjrsqlwKIta3GYHxZPuBmnYjKWsIDqE0bCjOzLR7nJUxGckUrnPn3zhIGqd2iijPFJ80pb36s6lum8RELbMaOSvCWuDnZFu8HjRIGYoStHUEUanbUtECMVq9jVeB48ZZ20g9/kCiUx/fb1wFOVb+1raLUDKsx/5ol4WGcpvuWuz1KmnqbWD/Fa0iFe9zyu9JMxtQl9LkSU/oQ/aQCZnUiIosi1BO75gMCmM4t1GWCFCRREc1ZyO5DqWTLb584W9szi4Nlmr9kpXD63y0uJmWPcS6iRka80vKB6Z/VcE7ZQ2dok7LPXbXZHm7Nrlh3VLRKHLli+dFGyc9hAaNb8gpDGY/uxma+y6XS5scVz35FemOposeQ8Xg7H/adwrt8vZZGvHra/YxgV5+K4ECnlrf0NExXX0ZYk9j8HUO5H0bEWi7UpkMLonHPFOsyyFO6vU9pXU0zRtjZSVV3pDz1VyY7r6rXHy5ElMnHjpPwh+IRLEDcujWHe4C3VpGPGRi/wsUBCtcnlwmBp/uMkW3ZKfTCo8Hr6i/lAGGQaM5d5UHgQGiLE8rTv+Q8Nw5JE5zOXrkfpHeyTZYRsvD1lmK+01JYg+ksoWSHIl4mUDLsGe9CT84QKiB+qx5GvtwG3rUHNFOOhk2NCWAO0vjBIyUiht1Gfy/bYQDApty4HbVrLsRN8uY10VIwNFk6XthVGSSUob6aCT9Mk6J739azeg5O6ncOK2MA6+pL8wSsjgkbNEuT5bZQgZCWT4T73L2X+1hKsd2paD7O0fzj+Wom3v6LsUWyQuI7S90n5bZQghl4qs3e5CLj+oW4QQkghtIyFXNiNnuwshhBBCCCFXOHTSCSGEEEIIyTLopBNCCCGEEJJl0EknhBBCCCEky6CTTgghhBBCSJZBJ50QQgghhJAsg046IYQQQgghWQaddEIIIYQQQrIMOumEEEIIIYRkGXTSCSGEEEIIyTLopJOsp70mF7k17eosPXq2liB3egN61PklY181cnOrMbBaEEKIk3ZU5+aiep86HaEMxr6nh5RXCRrOqFNCRgB00knWU9rYh77GUnWWHvlrjqLvcC3y1fklY24Tuuo7ERyWwYgQcvlTiqa+PjTNVafJONOAkiycKBiMfSfkcodOOiHDRP78KgR2tXA2nRBCCCFJoZNOsh5ty0p8BroHDdNzkZtrHNaZIbWcuVVuLVFLqHKbSXy7i35v9T59mVi/37n8aU9fj2uNY71XHJatNEY5teVbFV6y1bLRZnwZqia1omWEL08TQrIBw56pU2Xr2qUdMuyTYTdlWHEIUbQiaL3usHfmdYFKr0HZM5lPUhvnYx/1mXwzzCi33b4LtK2BljSsYYaN32dNy746oKVnuX+kbwciVzZ00snI4kwbOhZ2oa+vTxxdCAunN2QbJKIIHa/Qwz2WUFsrWlCh3d+HSKWIv8jqxBeiOZ5+Hyp2B8WwZmFfC9Cih/X1RVDeHcJG6yCwK4iWBSq8pRzRuqDFwc9HoAjoPGktLyGEZAhhj0KI6PanI4yAsEeakzq3ST9HOSIyTLONTnsn7Gmnim8g0utQ9iy+rcbPxnnaR5HXohCKLGEV2g0OpINe0YlwhxFPL5P9QUDY7Meh10ONAeY2wh60Ha9ClxbWh676AFofz4J3kggZIHTSychifC2a1hg7zPNRtjCA6PGoOpcEEH7Ef39jeUsTjBilj4iBq7tDmH2BeABo7i5HOJ6+3C8pBhr1W0MMduYe0FJUVDqc7sqIGT53vRhAouiwFC9ws7O8hBCSISaFETHsl7CVYad9spJg7/JRu6Ecrbst89IivfXOPe9+Ni6JfTR/l6LUma6gfXcrAvUR1I5XF1SZojvbLI62sPEvG+8Z6eHojKpwcd5ovoOkbTE07DshIxA66WTEYV1qLazLoPmNCmM+qVgMAX7Yl4eDu9RlQggZSUh7Z2x/MY6KVovDOxC87KNwng93oWpnoR5m28Ji0INoJ1A00Zwk0QgIm5yOo23dLqNt8SFk5EInnYwopIMeutncjiKXMzOKczA4E4UYNxT68nDHBmMpVm6XUUFpIGfTCSHkkiKd30nh+NaQ+DHgr2Els4/SUVfXEXRx1H22AyadPFFIB/3xYrNO2hYfQkYudNLJCMI509KDtp0ZnCeZW4Fy2Pe4tz9hnYmJoqM7gOK41W9HS1oz6Xp5E2aKCCFkuJEvsiOEoG2/92Dws4/tqLY45V4TFaULnO/x6HvZsbAspQeHnpNygAjE4/bsaeZMOhnR0EknIwh9/2FrhbGcGkSHMMiZoxRNHWGgTi3JiqNlgXVPeinW1wOhYiP/FiCtmXQ5iJWjwmUvJiGEDCnaHnXr113kzHYERRZ7J4+Bfw3Fzz4K570zGM+jcGcVutxe7JcvuLYUWdLQX2w9anlPyI/8NWGU7zLzCR4v4kw6GdFcFROo3xonT57ExIkT1RkhmWOgumVscUnVUGcU+dmw4g6E+8yXTQeK/DRY4fEw/3AHIcQGx11Crmy8bABn0kmWI5dMA6iafym2iOhLrdHKikE76HKvZGFdESJ00AkhhBCSAnTSSZZi/FGMIDptn+QaSuxfJpBLraGiSGZmvuUybgZm4wkhhBByZcDtLmTYoG4RQkgitI2EXNlwuwshhBBCCCEjBDrphBBCCCGEZBl00gkhhBBCCMky6KQTQgghhBCSZdBJJ4QQQgghJMugk04IIYQQQkiWQSedEEIIIYSQLMP1O+mEEEIIIYSQ4cHtO+n8Y0Zk2KBuEUJIIrSNhFzZ8I8ZEUIIIYQQMkKgk04IIYQQQkiWQSedEEIIIYSQLINOOiGEEEIIIVkGnXRCCCGEEEKyDDrphBBCCCGEZBl00gkhhBBCCMky6KQTQgghhBCSZdBJJ4QQQgghJMugk04IIYQQQkiWkWEnPYr6W3KRm5uL6n3qUpx2VIvruTXt6nwIudCOVVNKUB3p1U57tpaIMpWg4Yx2mkiS+NFn56Ng1lPo/Fg/J8PMvmpNp6yHVb/aa4ZerzSdMPI404ASP30aRmzlugQMh+wzg25/Eu3S4JEyKNnao/3W2mN6A/Szy5mhkydJHavuWbnUduGyQY49w9Sfh7TN0q5HDxqmm+Otm465kawOV459zByZddLffwXNv5iKqX8JtO5oRb+6POz8JopjJ6M42ZtiCXzj96PneAd6z/Tg/EX9Suf2+Si5YZUYpsiwMSmMrr4+9MmjpRytFdVx+Zc2imuNpepsGBhfi6N9R1E7Xp1fwQy77AdMKZqE7jTNVadDRP6ao+g7XIt8dX75kiF5ag+8Zl8mhFx62msK0bywSx9v+yIoqgtmZFLqyrGPmSOjTvqh7zWg97YqNK0Qg/aeFuz5gwoYboQT9SOhXD9amaIq+MYfhdJv/xJ9v3wGpZ/Ur5z/6SFEL/xRPyHDz9wKlKMT0SyYySaEEEIuN4omGv5QAMWT1E9thj07VpGvFDLnpH98CHt29GNW8A7kzyzDLLSjuVXfPuLKyQbMzM3FDTXtuCBO+7sbsaR4rFpeGYvC8BE9ngg9snUJCsfqyy5ji5eg+aQK+vgC2h+diRs+rZZlblgCLUttdiZxiaa/tx2hGSqPm5ag4ajMWeAR30Bb0tdme/QloOAuebUVQZmOtrTTj84XqjHzBlUOUf6Zjx7S6iXxrhsZCD1bQ2itDMdnsu1LbGpblTrMNrUv3+nt6YNti0012tRlHZmH3VBpZTDii7IkbIGwLQHqZTG2Chjhup7ph10X7XXyXi5UdYyH+9ynlj/bHeX2RPURI66z7OrMR8aGzKxlchh7x7Ymr/4oscrKWi9bO4jD3I5hl3nqMk3Eloe4L6qua/guKysZ7DNlqdfRWha7Xiavj7c8ve9N5JLIU8qqOCTkZ7Wl6rolLaseaOXx7CtGmex6aK/3wNt9ROMpUyWzrUonNXkoPXX2TYusvPTFjpGOh466rKIY7auj7rf0F7N/OPVPol/T62bXAX97n3pcvd56uL2sEkeZlMxStrEKW59zST8eZi1nmnlZ6+FG6QJztVrOqoeKzPE2FTzr4NAjWzxLeezXne18ZZExJ73/+/+Axv6pmD9nHDDuDpTfJmfWX4erm35BdL7bQzh2axgHv12KMTiCx/5qLdpGrcCen51C19463Pj7j7So0a3zMLvuECZ/6yhO/WwPase0YdXta3HkY6B3xxIEn41imgw7dRQ75gPnPWfve7CtthGjNvwIXYeeRtnv2xC68+toT2u2Px8r3jiFpgXydxmaTp3CqadERUUtD//4z7GirUsrxzPzc3Ds2fn4uqZY3nUjadAdQqHqsIV1RYh4bLForwmis95YputCeKIKONOGjvjynbg+qRUhy+BvQxqSCiCixRVHRzGa62yumA1pUAp3VpnbcRa0qAe5NNgVRMsCdX9LOaLW5cV9LUCLCuuLoFzIYmOC0ZIGXBrTiLmcmOw+cR6CiC/DO8IIiDK4G0OR9qIQiixpCfEkklTGUYSKW1ChhYujpUicm4a5fbdF5poMNroPIqJ9gp3m9qeuDQEV0IO242Y7dNUH0Pq4hwORkkwTSWjrDR0IpdXWQgaPq3oKmaOuUOi0IROnzJLXp7XClGekUqS9yAhPRxaXSJ5zm3S9Q7kuD9Wnk+qBX18RtFYEgZdVuEi/s8LiGA6w3bOZqKZDpkOj20i7vUom09adKjyVrQie+uKGf59PjqW/qP4R1Jy+fJQtFPq425KSsD/N3eUIrxE1SMfepxhXOrZ6vZuQ8ga/lG2sQoQHjfiyLJ1B84EqWTlTzCulegSKRb/UH561uPHxNoqO7iIE/Bx2vzpYEQ9pQTmWa/HE0WKMKmnYnSuADDnp/dizuw2Y9GXccb08H4c75k8Fjv4DXrE+jWucR9vXlojmF4a5rRaBq9Vlg0+MQf5ttdhTL5WiHQ11xzDqvh3YsSSAcZ+dhbonajDqQiOaf6hHNxg1JoCyb+9A7WfVBRcqvhVB3ZwA8m+twXf/h0i/vxVtP1aBKTLqP4zDmBz5Kwdjxo3DuDGjxO981DQ+g6pb8zFuXABV9Q8JBQc6TzrUylY3khbWPenCaQ45Z3osRI8bA1Q+SueqIWd8LZqk8dbQDbwZz0777lYE6tebBkzcGxGGwh1hUHZGUb7BMrgJ5yNSqX6nSmXE3N87d70wwMIYGsUT6Zl7f0tRIdJ26pY+2yEMo/XhJdl9QqYRQyaijmGXdK2YYaVCruqnlaQyDiDcYRkYtHq2okUNJKWN1rAkW5q6O8RwoZM/t1TJPh+1jWY75M+vQsASz0YKMk0kE20tZPCyun98GaomiStxXXPKLHl9yltMmZU+IgbmeHgaspBcEnm6k1QP/PqKoLzF8r6IptdRNO9RZclgObOFQHxSwjykY2MlmUxtOp0Krvrihn+fT46lv0h93FAuGiyqOWz5a8Io3xWKjwM9e5oRrazQ80rD3qcSNyoezjVnNd391GnaWKnbRy1lkfWN7mzTHdRk5Uwhr5TqISepijsQNvRpQwcKjfH2TBSdk6QD74NfHRKw6KHQI11P0rRdlzmZcdJ7XxFGUPwrnuSM2c6CdXJLRxSNYlCz8cN6PBjpx6z6b6F0jLqGqah7I4yyCw2Yf9NYbStK48l+TSHeFaH9351vzhLc0ai9kPrHj8WjwJLvYsfSAN5eXYIbxsotJvrWGXfykZ+nfgpGfVLPXKYzePrRs7se1fNKUHDTDWoJ18CjbmTgCAMUqYc58FqQLzJGxHO8piuOZVjrEq1zpsmkB9FO6368ZMiZhQCKfa3WYLEvcybM0suZC9tsh0GS+1JGGM3DXajaqWbski6j6oe3jA3yEShSPyW2LTVB8SDvgXC0+lqgb5FwPqzJAcZIw9YPnQxENplua73+vrqWcn1cSPXeSyZPD1LVgxQJ3GxtsAyWcySRSZn66UtSHH1+UMiHLOMBTD5AA+FHTBuYji3yjSv8Gm3G91K88KjNaJukZ18dpFQP0T8eb7U9/OvtXaSt0jU8EUJRug90jjrEEeP40Y4qNBfr9bHN+g/G7l1mZMRJ7/1+Mw6JZiv/1g7seNE4nkb5Z0WTv/CKeFay8KU6PFs5BodWz8Dat02XekxJLXb8vA+/+skz2laUtfc8hej4AKbJsPsiOCW3lliOb31JBFw9DmXbfoRf/eoU9jwYwLFng1j5fS8H+CN8ZPHge38hO/YofOoa/Xww9EfuQ+G9DbgwvwkH3/oJfnlYLuGauNZNhZGB4TkrItC+OCJnkxY2o1A56tK4hW42Z5ycM00m+iCSMAPhk5/mvNmCdUc/M0inohAdG/RyyyNh5rYygkiReEC2PZSkcF9aSEddpSMfglwc9dRlbGCRk3QirLM3ciuCCnJFDhwynmbklaMgDfvjxZYVF3s/NBmobOQLVEPZ1g5Sro8L6d57SeTpQrp6kAJm3810nxghDIFMXfUlJTLbX+TeaW2WVm51QRXK1ApKOrYoaVw5Q13fKR5K0tmmkyGi5gxy+vbVwWDqIdpbjjGhzjDWu62i+mGpQwLSUdfqEwEqlKM+GLt3GZIBJ70Xr79yBPjsPXjovjKULTCOGqxfIUTb24Dmf1ZRNT6D0m8fRPjWHjTOm4cG7SXQdoTubUTnL3pxYVQ+8rUtM5LbULZkDC5890HUH+jVZtD7/2U/toX346NRortvX4XQgSh6hfP9mfxxwuX2oxdPrViF5veFkTgQwuJHZZlrseIvVXA6aFt0OtF+oBNt+46gt1e5Rjk5GHWxFy3hJy1K6VU3MmDEoBPaFUDVfOfzvBiEa0xHNX+iMWWjDwzmjKW+bcELOfNm27Op5ad+J6Avmdv2zO3biFC3+i3QyrGrJZ5ez9agLdwf5+xtO1pcyqKtINgc9dTuS412VFuccvvMpEEqMo4i9ISZjiYHKKMvDbl1GXVfi+dsX8/WatMpEA/y8VY+KQsQiM/yaMvf6rcdf9nIwdB1D6V6gPNr60ySen0SSefeSydPF9LQAy/s7VON4C61TzlJOS9b0papkJF4GDVXKkX/rzDv8NIXd3z6vHavZeuLsLPBdGeH5fYZ4Z4H5Tsz8RnedOx9anEDa44Kp9ju4A7Orntg2b5jyF3fipTeGOaFWz3s6NtonHvA5bs42qpTdwrvcHjWwYHom+bsudQ5/ddg7N7lyOCd9O5GNBwVTbvwHtMIKLS9RMK1bm49pK4org6gtk08zY85htDtQlkufAbXnK3HjFsKUHDLfDTnVGHH/jpx7yiUbvsJdiy9Bq+vnoHCggIU3vEUOq//PMaJZEaNBdoWl6BAXC95KIrS+oN4NujlqgdQtyGA5jsKUXJ3AzonGXmkT+kDz6B0XBSNd8/AfT/8I/KXbEKt6K/tq0VZpnwdvXNlvQ286kbSwrKVSi5/FVn3ncYRTpQYAuLx5Muf2tKevi+uVTyp60toQXQII+CF/JarbshU/EVA2GfWorSxSwwUlnx3V9hn6OQsRKX6goU4giJ2OP5Jq2SUYn09EFJLgvIlQ3jM/pnlkDNbqd+XHGFAO9UWInFoL04mbK1JRcYBhG9uMdOxLr1qg61VhvCc7cufaK1XEFC6oO9RNcsZPF7k0c/8ZCMHQ7cHQJ34w5DKI6GtM0jq9UkknXsvpTz1vbOWr7ukoQdelC80tmKIo6LTsic6k31iBJG2TEVfftl4qVmXU0WLeYeXvrjj0+dFezSJdOM2I4mddUc6leJRoLscFfEZ3nTsfepx5bhg2HHNuRyUXfegsgpYZJZFfgRBf4civTHMj4R6ONDCrTZOHIXHw/FZ7U5VBrd7NTzr4CBQHE8rN1f/LruMNxi7dzlyVUygfmucPHkSEycan8QgJHNcObplLqu7GqcrknZU54ZQ3OE3oA8lKeYvtwY8EcDRhIcQYicb5Tly+93laRuHp89rX1ySTiT7LBnBeNmADH3dhRBioC97Wmd2yCVHLvFPMveseiL3SHKwTw7lSbIBbYuM/YVRQi4n6KQTMkicf3hBW9JN51u6ZOiQLyHJdpHbHuKfciMDhvIkWYFcNRF66Ln1kZDLA253IcMGdYsQQhKhbSTkyobbXQghhBBCCBkh0EknhBBCCCEky6CTTgghhBBCSJZBJ50QQgghhJAsg046IYQQQgghWQaddEIIIYQQQrIMOumEEEIIIYRkGXTSCSGEEEIIyTLopBNCCCGEEJJl0EknhBBCCCEky6CTTrKenq0lyK1pV2eEEELcaUd1bgkazqizmlyL7bSHXRLONKBkEGVIfSzoQcP0XFTvU6dZx+DLp8lieoNIiVzO0EknlzlZMDARQsgloLSxD32NpepscGRksmR8LY72HUXteHVOBkz+mqPoO1yLfHVOLk/opBNCCCGEEJJl0EknIwZtJic3Vz9sMzr60mE8LLcaWqi2tBpEK6IIFYvr8aVBObtuiW9bMrSHlWw1Qnzu2Vetnbd7lo8QQoYCu+0r2RpV13XcZ7+ttsy+ymizseIwtmPIbTOFdSLtXUHbda/4Em2rjRFms71+K5tOW55kFVTaXt+43nW1o8q1VaVnyMw3fXtZq/fZ6ybrb44fEr+6e4xhGtY6WNJU4441B3L5QSedjAzE4BBEBH19feLoQrgzaBqrM23oWNhlhk1qRUiGaUurEZQjgHCHCDOWBve1AC0yrjxEeHcIG+ODURCd9Za0JurX/e7REOcho3wdYQREebN3PyQhZOQjHbtCNMdtXx/Cx0NoVaHuyAmLFlSo+H0tReLccAh70Ha8Cl0qrKs+gNbHdSdQbpuR56jUbVzTXP/40oEMdobNsA3i3qTo9QkVGXbeWT4H0kmtACLWuIvsTmtrhVnXSKWouyPcjgg/XqGnJbcI+aafKPuK3XJCaIB4jWECzzGJXBHQSScjAzE4HF1j7L7LR+2GckR3tukGUzjjTZawsoUBRI/bZ5RszG1Sg4ykFBWVQOdJ03Sb9+ajdK5KN8k9mBRGxCiDKE/YGU4IIZlEOHbN3eUIx22fdKblpIQfcsKiSVgwxdz1mkPYok0oCLvaaO5xzp9fhUB3h3BdvUgS3/I7f25pPJ4nqj4R6x56W/nstO9uRaB+vb0uaEabZaa6vMWsa+kj4ST1EbJ5xMzbN/0Byd6HJGOY65hErgjopJORSaBYmFQT69Kqtizri31pMbhLXRbIGaMI9CVd+1Ki9z2EEDLsRIXDOcluB9MnH4Ei9VNi3d5RHPJxaBVe8ec2oa8FCGphfttMLLjWRy9f4oRHD6Kd4pa6QjP/3EKEuqPoSFroVEiSfkZkb8drDPMek8iVAJ10MjKRRlL9lMYtdLO57Kgty3qiL1N2bNDjyiNSqYIU2hcRZDoLm1GoGcXk9xBCyLAiJyqcM8NnohC+ZRrozqiGdLgfL45vUdG27akgV5LFl466dr0KzcUpOOpu9VEUTXTOHuvOe3l8C6J5mCuegyGF9Acte5NkY1jimESuFOikk5HBrpDFyLejuqIV5RvkUqs+yJhGvAdtO93MvEEUHd0BFMdtYDta4rPiwhmvMQ1g/kRjisnvHkIIuQSMD6AI5t5lSfsTyWa/owg9Ye7w7tkaRAhhrBeOZ89JaUgDwqaqsD3Nvmn5xe/ZWm3aa62cKTC+DFWTWhG0vugqHgSCu8pR4eJ4ly4oR2uFx371DOCb/twKiFBf2QduDphbMgVyb7n7nnW/McxrTCJXCnTSycigsgpYZCwH6i/S6DMa+v701gozrEMMHCalWF8Py9ddLOda/BaRtooqZ0/EkFWoXReHfGlIe9nU7x5CCLkUlKKpL4Iiy5aMlgUp7Em/uSUev7CuSNk4Yf3WhFGuvt4ij+DxItvMuDVcvhTvFz9/otVeBoGWVL6NLmz5Yf2jAEaa+oublj30VuY2oau+U22pUUcmZ5l90xey7wgDPrLPXxMRjz/meOLdNn5jmNeYRK4UrooJ1G+NkydPYuJEvj5MMg91ixBCEqFtvAyQn/wt7kDY66GCEB+8bABn0gkhhBBCBkwPGhaFEK2soINOMgqddEIIIYSQlJEfEzC2p8hDfd/d+vlIQjIAnXRCCCGEkJSR++f1L67EDzroZAigk04IIYQQQkiWQSedEEIIIYSQLCPBSb/qqqvg+OALIYQQQgghJMNIn1v63m4kOOk5OTno7+9XZ4QQQgghhJChQPrc0vd2I8FJHz16ND766CN1RgghhBBCCBkKpM8tfW83Epz0T33qU/jTn/6E3/72t+oKIYQQQgghJJNIX1v63NL3dsP1xdH/+B//I373u9/hf//v/40//vGP3KNOCCGEEELIIJE+tfStpY8tfW3pc3txlYjs6YFLD18mcPHiRTrqhBBCCCGEDAL5kqjcgy63uHjNoBv4OumEEEIIIYSQ4cd1uwshhBBCCCHk0kEnnRBCCCGEkCyDTjohhBBCCCFZBp10QgghhBBCsgw66YQQQgghhGQZdNIJIYQQQgjJKoD/H7X2piLiBCL7AAAAAElFTkSuQmCC\" /></p>\r\n\r\n<p><strong>Intinya:</strong></p>\r\n\r\n<ul>\r\n	<li><strong>Bank tradisional</strong> = Butuh perantara, lebih lambat &amp; ada batasan akses.</li>\r\n	<li><strong>Cryptocurrency</strong> = Bisa langsung antar pengguna, lebih cepat &amp; tanpa batasan.</li>\r\n</ul>\r\n\r\n<p>&nbsp;</p>\r\n\r\n<h2><strong>Konsep Kunci: Wallet, Private Key, dan Public Key</strong></h2>\r\n\r\n<h3><strong>📌 Crypto Wallet (Dompet Crypto) &ndash; Tempat Menyimpan Uang Digital</strong></h3>\r\n\r\n<p>Dompet crypto adalah aplikasi atau perangkat yang digunakan untuk menyimpan dan mengelola cryptocurrency. Ada dua jenis dompet utama:</p>\r\n\r\n<ol>\r\n	<li>\r\n	<p><strong>Hot Wallet (Dompet Online)</strong></p>\r\n\r\n	<ul>\r\n		<li>Contoh: Metamask, Trust Wallet, Binance Wallet.</li>\r\n		<li>Mudah digunakan, tapi lebih rentan diretas.</li>\r\n	</ul>\r\n	</li>\r\n	<li>\r\n	<p><strong>Cold Wallet (Dompet Offline)</strong></p>\r\n\r\n	<ul>\r\n		<li>Contoh: Ledger, Trezor.</li>\r\n		<li>Lebih aman karena tidak terhubung ke internet.</li>\r\n	</ul>\r\n	</li>\r\n</ol>\r\n\r\n<p>💡 <strong>Fungsi dompet crypto</strong> bukan untuk &quot;menyimpan&quot; koin, tapi untuk <strong>menyimpan akses ke koin tersebut</strong> yang ada di blockchain.</p>\r\n\r\n<p>&nbsp;</p>\r\n\r\n<h3><strong>Private Key (Kunci Pribadi) &ndash; Seperti Kata Sandi Rahasia 🔑</strong></h3>\r\n\r\n<ul>\r\n	<li>Private key adalah kode unik yang memberi kamu akses penuh ke dompet crypto.</li>\r\n	<li><strong>Jangan pernah membagikannya ke siapa pun!</strong></li>\r\n	<li>Jika kehilangan private key, kamu tidak bisa mengakses uangmu selamanya.</li>\r\n</ul>\r\n\r\n<p><strong>Contoh Private Key (hanya contoh, jangan gunakan!):</strong></p>\r\n\r\n<p><strong>5Kb8kLf9zgWQnogidDA76MzPL6TsZZY36hWXMssSzNydYXYB9KF</strong></p>\r\n\r\n<p>&nbsp;</p>\r\n\r\n<p>&nbsp;</p>\r\n\r\n<h3><strong>Public Key (Kunci Publik) &ndash; Seperti Nomor Rekening</strong></h3>\r\n\r\n<ul>\r\n	<li>Public key adalah alamat yang bisa diberikan ke orang lain untuk menerima pembayaran crypto.</li>\r\n	<li>Bisa dibagikan ke siapa saja tanpa risiko kehilangan dana.</li>\r\n</ul>\r\n\r\n<p><strong>Contoh Public Key (alamat Bitcoin):</strong></p>\r\n\r\n<p><strong><code>1A1zP1eP5QGefi2DMPTfTL5SLmv7DivfNa</code></strong></p>\r\n\r\n<p>&nbsp;</p>\r\n\r\n<p><strong>Intinya:</strong></p>\r\n\r\n<ul>\r\n	<li><strong>Public Key</strong> = Bisa dibagikan ke orang lain untuk menerima crypto.</li>\r\n	<li><strong>Private Key</strong> = Rahasia! Jangan pernah dibagikan ke siapa pun.</li>\r\n</ul>\r\n\r\n<p>&nbsp;</p>\r\n\r\n<h2><strong>Kesimpulan:</strong></h2>\r\n\r\n<p>✅ <strong>Blockchain</strong> adalah teknologi yang mencatat semua transaksi dengan aman &amp; transparan.<br />\r\n✅ <strong>Cryptocurrency itu desentralisasi</strong>, artinya tidak ada satu pihak yang mengontrol.<br />\r\n✅ <strong>Wallet digunakan untuk menyimpan crypto</strong>, dan <strong>Private Key adalah kunci akses yang harus dijaga baik-baik</strong>.</p>', 'public/uploads/posts/1742108589Blockchain1.jpg', '2025-03-16 00:03:09', '2025-03-16 00:03:44', NULL, 1),
(3, 'Kelebihan dan Kekurangan Cryptocurrency', 'kelebihan-dan-kekurangan-cryptocurrency', 6, '<h2><strong>Kelebihan Cryptocurrency</strong></h2>\r\n\r\n<h3><strong>1️⃣ Transparansi dan Keamanan 🔍🛡️</strong></h3>\r\n\r\n<p>✅ <strong>Transparan</strong>: Semua transaksi dicatat di blockchain dan bisa dilihat oleh siapa saja. Tidak ada manipulasi tersembunyi.<br />\r\n✅ <strong>Keamanan Tinggi</strong>: Transaksi diverifikasi oleh ribuan komputer, sehingga sulit dipalsukan atau diretas.</p>\r\n\r\n<p>💡 <strong>Contoh:</strong> Jika kamu mengirim Bitcoin ke temanmu, semua orang di jaringan bisa melihat bahwa transaksi itu terjadi, tapi tidak bisa mengubah atau membatalkannya.</p>', 'public/uploads/posts/1742112623hero.png', '2025-03-16 01:10:23', '2025-03-16 01:11:01', NULL, 1),
(4, 'mencoba artikel', 'mencoba-artikel', 3, '<p>adad</p>', 'public/uploads/posts/1742113392Blockchain1.jpg', '2025-03-16 01:23:12', '2025-03-16 01:23:12', NULL, 1);

-- --------------------------------------------------------

--
-- Table structure for table `post_tag`
--

CREATE TABLE `post_tag` (
  `id` bigint(20) UNSIGNED NOT NULL,
  `post_id` bigint(20) UNSIGNED NOT NULL,
  `tag_id` bigint(20) UNSIGNED NOT NULL,
  `created_at` timestamp NULL DEFAULT NULL,
  `updated_at` timestamp NULL DEFAULT NULL
) ENGINE=InnoDB DEFAULT CHARSET=utf8mb4 COLLATE=utf8mb4_unicode_ci;

--
-- Dumping data for table `post_tag`
--

INSERT INTO `post_tag` (`id`, `post_id`, `tag_id`, `created_at`, `updated_at`) VALUES
(1, 1, 1, NULL, NULL),
(2, 1, 7, NULL, NULL),
(3, 1, 9, NULL, NULL),
(4, 2, 1, NULL, NULL),
(5, 2, 2, NULL, NULL),
(6, 2, 6, NULL, NULL),
(7, 2, 9, NULL, NULL),
(8, 3, 1, NULL, NULL),
(9, 3, 2, NULL, NULL),
(10, 4, 1, NULL, NULL);

-- --------------------------------------------------------

--
-- Table structure for table `sessions`
--

CREATE TABLE `sessions` (
  `id` varchar(255) NOT NULL,
  `user_id` bigint(20) UNSIGNED DEFAULT NULL,
  `ip_address` varchar(45) DEFAULT NULL,
  `user_agent` text DEFAULT NULL,
  `payload` longtext NOT NULL,
  `last_activity` int(11) NOT NULL
) ENGINE=InnoDB DEFAULT CHARSET=utf8mb4 COLLATE=utf8mb4_unicode_ci;

--
-- Dumping data for table `sessions`
--

INSERT INTO `sessions` (`id`, `user_id`, `ip_address`, `user_agent`, `payload`, `last_activity`) VALUES
('BtetzwG92ki0DrsMsLR6htZhWMQF6O4YFZFiIlaM', NULL, '127.0.0.1', 'Mozilla/5.0 (Windows NT 10.0; Win64; x64) AppleWebKit/537.36 (KHTML, like Gecko) Chrome/134.0.0.0 Safari/537.36', 'YTozOntzOjY6Il90b2tlbiI7czo0MDoiWjFLa21UT2hkWUpyVEVrM1NtbWV2UjN4N2dKUjdvY0ZQQklQN0tkSyI7czo2OiJfZmxhc2giO2E6Mjp7czozOiJvbGQiO2E6MDp7fXM6MzoibmV3IjthOjA6e319czo5OiJfcHJldmlvdXMiO2E6MTp7czozOiJ1cmwiO3M6MzQ6Imh0dHA6Ly8xMjcuMC4wLjE6ODAwMC90ZW50YW5nLWthbWkiO319', 1742117911);

-- --------------------------------------------------------

--
-- Table structure for table `tags`
--

CREATE TABLE `tags` (
  `id` bigint(20) UNSIGNED NOT NULL,
  `name` varchar(255) NOT NULL,
  `slug` varchar(255) NOT NULL,
  `created_at` timestamp NULL DEFAULT NULL,
  `updated_at` timestamp NULL DEFAULT NULL
) ENGINE=InnoDB DEFAULT CHARSET=utf8mb4 COLLATE=utf8mb4_unicode_ci;

--
-- Dumping data for table `tags`
--

INSERT INTO `tags` (`id`, `name`, `slug`, `created_at`, `updated_at`) VALUES
(1, '#Cryptocurrency', 'cryptocurrency', '2025-03-15 13:29:27', '2025-03-15 13:29:27'),
(2, '#Blockchain', 'blockchain', '2025-03-15 13:29:42', '2025-03-15 13:29:42'),
(3, '#Bitcoin', 'bitcoin', '2025-03-15 13:29:50', '2025-03-15 13:29:50'),
(4, '#Ethereum', 'ethereum', '2025-03-15 13:30:00', '2025-03-15 13:30:00'),
(5, '#CryptoTrading', 'cryptotrading', '2025-03-15 13:31:17', '2025-03-15 13:31:17'),
(6, '#CryptoWallet', 'cryptowallet', '2025-03-15 13:31:27', '2025-03-15 13:31:27'),
(7, '#CryptoInvestment', 'cryptoinvestment', '2025-03-15 13:32:23', '2025-03-15 13:32:23'),
(8, '#KeamananCrypto', 'keamanancrypto', '2025-03-15 13:32:33', '2025-03-15 13:32:33'),
(9, '#BelajarCrypto', 'belajarcrypto', '2025-03-15 13:32:48', '2025-03-15 13:32:48'),
(10, '#TipsCrypto', 'tipscrypto', '2025-03-15 13:33:17', '2025-03-15 13:33:17');

-- --------------------------------------------------------

--
-- Table structure for table `trade_signals`
--

CREATE TABLE `trade_signals` (
  `id` bigint(20) UNSIGNED NOT NULL,
  `name` varchar(255) NOT NULL,
  `content` text NOT NULL,
  `image` varchar(255) NOT NULL,
  `created_at` timestamp NULL DEFAULT NULL,
  `updated_at` timestamp NULL DEFAULT NULL
) ENGINE=InnoDB DEFAULT CHARSET=utf8mb4 COLLATE=utf8mb4_unicode_ci;

--
-- Dumping data for table `trade_signals`
--

INSERT INTO `trade_signals` (`id`, `name`, `content`, `image`, `created_at`, `updated_at`) VALUES
(1, 'Bitcoin', '<p>Long setup pada bitcoin di TimeFrame 1H, berikut penjelsannya</p>', 'public/uploads/trade/1742062051LAYERUSDT_2025-03-14_22-45-00.png', '2025-03-15 11:07:31', '2025-03-15 11:07:31');

-- --------------------------------------------------------

--
-- Table structure for table `users`
--

CREATE TABLE `users` (
  `id` bigint(20) UNSIGNED NOT NULL,
  `name` varchar(255) NOT NULL,
  `email` varchar(255) NOT NULL,
  `email_verified_at` timestamp NULL DEFAULT NULL,
  `password` varchar(255) NOT NULL,
  `remember_token` varchar(100) DEFAULT NULL,
  `created_at` timestamp NULL DEFAULT NULL,
  `updated_at` timestamp NULL DEFAULT NULL,
  `role` tinyint(1) NOT NULL DEFAULT 0
) ENGINE=InnoDB DEFAULT CHARSET=utf8mb4 COLLATE=utf8mb4_unicode_ci;

--
-- Dumping data for table `users`
--

INSERT INTO `users` (`id`, `name`, `email`, `email_verified_at`, `password`, `remember_token`, `created_at`, `updated_at`, `role`) VALUES
(1, 'Dandi Hermawan', 'dandihermawan87@gmail.com', NULL, '$2y$12$3lJN/faVYFzzMEPNcQonD.0PDThARRU1QMS9LnBeIS54nEcIbAjG2', NULL, '2025-03-08 10:25:29', '2025-03-08 10:25:29', 1),
(2, 'Hikmatul Hasanah', 'hikmah@gmail.com', NULL, '$2y$12$l7HaB3930u/8JP0goz44vOJZfbRnLEOXaO/QBXX5L8/IxHNjHim9i', NULL, '2025-03-08 11:33:59', '2025-03-08 11:33:59', 0);

--
-- Indexes for dumped tables
--

--
-- Indexes for table `cache`
--
ALTER TABLE `cache`
  ADD PRIMARY KEY (`key`);

--
-- Indexes for table `cache_locks`
--
ALTER TABLE `cache_locks`
  ADD PRIMARY KEY (`key`);

--
-- Indexes for table `categories`
--
ALTER TABLE `categories`
  ADD PRIMARY KEY (`id`),
  ADD UNIQUE KEY `categories_name_unique` (`name`);

--
-- Indexes for table `failed_jobs`
--
ALTER TABLE `failed_jobs`
  ADD PRIMARY KEY (`id`),
  ADD UNIQUE KEY `failed_jobs_uuid_unique` (`uuid`);

--
-- Indexes for table `jobs`
--
ALTER TABLE `jobs`
  ADD PRIMARY KEY (`id`),
  ADD KEY `jobs_queue_index` (`queue`);

--
-- Indexes for table `job_batches`
--
ALTER TABLE `job_batches`
  ADD PRIMARY KEY (`id`);

--
-- Indexes for table `migrations`
--
ALTER TABLE `migrations`
  ADD PRIMARY KEY (`id`);

--
-- Indexes for table `password_reset_tokens`
--
ALTER TABLE `password_reset_tokens`
  ADD PRIMARY KEY (`email`);

--
-- Indexes for table `posts`
--
ALTER TABLE `posts`
  ADD PRIMARY KEY (`id`);

--
-- Indexes for table `post_tag`
--
ALTER TABLE `post_tag`
  ADD PRIMARY KEY (`id`),
  ADD KEY `post_tag_post_id_foreign` (`post_id`),
  ADD KEY `post_tag_tag_id_foreign` (`tag_id`);

--
-- Indexes for table `sessions`
--
ALTER TABLE `sessions`
  ADD PRIMARY KEY (`id`),
  ADD KEY `sessions_user_id_index` (`user_id`),
  ADD KEY `sessions_last_activity_index` (`last_activity`);

--
-- Indexes for table `tags`
--
ALTER TABLE `tags`
  ADD PRIMARY KEY (`id`),
  ADD UNIQUE KEY `tags_name_unique` (`name`);

--
-- Indexes for table `trade_signals`
--
ALTER TABLE `trade_signals`
  ADD PRIMARY KEY (`id`);

--
-- Indexes for table `users`
--
ALTER TABLE `users`
  ADD PRIMARY KEY (`id`),
  ADD UNIQUE KEY `users_email_unique` (`email`);

--
-- AUTO_INCREMENT for dumped tables
--

--
-- AUTO_INCREMENT for table `categories`
--
ALTER TABLE `categories`
  MODIFY `id` bigint(20) UNSIGNED NOT NULL AUTO_INCREMENT, AUTO_INCREMENT=8;

--
-- AUTO_INCREMENT for table `failed_jobs`
--
ALTER TABLE `failed_jobs`
  MODIFY `id` bigint(20) UNSIGNED NOT NULL AUTO_INCREMENT;

--
-- AUTO_INCREMENT for table `jobs`
--
ALTER TABLE `jobs`
  MODIFY `id` bigint(20) UNSIGNED NOT NULL AUTO_INCREMENT;

--
-- AUTO_INCREMENT for table `migrations`
--
ALTER TABLE `migrations`
  MODIFY `id` int(10) UNSIGNED NOT NULL AUTO_INCREMENT, AUTO_INCREMENT=14;

--
-- AUTO_INCREMENT for table `posts`
--
ALTER TABLE `posts`
  MODIFY `id` bigint(20) UNSIGNED NOT NULL AUTO_INCREMENT, AUTO_INCREMENT=5;

--
-- AUTO_INCREMENT for table `post_tag`
--
ALTER TABLE `post_tag`
  MODIFY `id` bigint(20) UNSIGNED NOT NULL AUTO_INCREMENT, AUTO_INCREMENT=11;

--
-- AUTO_INCREMENT for table `tags`
--
ALTER TABLE `tags`
  MODIFY `id` bigint(20) UNSIGNED NOT NULL AUTO_INCREMENT, AUTO_INCREMENT=11;

--
-- AUTO_INCREMENT for table `trade_signals`
--
ALTER TABLE `trade_signals`
  MODIFY `id` bigint(20) UNSIGNED NOT NULL AUTO_INCREMENT, AUTO_INCREMENT=2;

--
-- AUTO_INCREMENT for table `users`
--
ALTER TABLE `users`
  MODIFY `id` bigint(20) UNSIGNED NOT NULL AUTO_INCREMENT, AUTO_INCREMENT=7;

--
-- Constraints for dumped tables
--

--
-- Constraints for table `post_tag`
--
ALTER TABLE `post_tag`
  ADD CONSTRAINT `post_tag_post_id_foreign` FOREIGN KEY (`post_id`) REFERENCES `posts` (`id`) ON DELETE CASCADE,
  ADD CONSTRAINT `post_tag_tag_id_foreign` FOREIGN KEY (`tag_id`) REFERENCES `tags` (`id`) ON DELETE CASCADE;
COMMIT;

/*!40101 SET CHARACTER_SET_CLIENT=@OLD_CHARACTER_SET_CLIENT */;
/*!40101 SET CHARACTER_SET_RESULTS=@OLD_CHARACTER_SET_RESULTS */;
/*!40101 SET COLLATION_CONNECTION=@OLD_COLLATION_CONNECTION */;
